ayet_url,arabic_ayet
https://kuran.diyanet.gov.tr/tefsir/Bakara-suresi/8/1-ayet-tefsiri,"الٓمٓۚ
                                                    ﴿١﴾"
https://kuran.diyanet.gov.tr/tefsir/Bakara-suresi/9/2-ayet-tefsiri,"ذٰلِكَ الْكِتَابُ لَا رَيْبَۚۛ فٖيهِۚۛ هُدًى لِلْمُتَّقٖينَۙ
                                                    ﴿٢﴾"
https://kuran.diyanet.gov.tr/tefsir/Bakara-suresi/10/3-ayet-tefsiri,"اَلَّذٖينَ يُؤْمِنُونَ بِالْغَيْبِ وَيُقٖيمُونَ الصَّلٰوةَ وَمِمَّا رَزَقْنَاهُمْ يُنْفِقُونَۙ
                                                    ﴿٣﴾"
https://kuran.diyanet.gov.tr/tefsir/Bakara-suresi/11/4-ayet-tefsiri,"وَالَّذٖينَ يُؤْمِنُونَ بِمَٓا اُنْزِلَ اِلَيْكَ وَمَٓا اُنْزِلَ مِنْ قَبْلِكَۚ وَبِالْاٰخِرَةِ هُمْ يُوقِنُونَؕ
                                                    ﴿٤﴾"
https://kuran.diyanet.gov.tr/tefsir/Bakara-suresi/12/5-ayet-tefsiri,"اُو۬لٰٓئِكَ عَلٰى هُدًى مِنْ رَبِّهِمْ وَاُو۬لٰٓئِكَ هُمُ الْمُفْلِحُونَ
                                                    ﴿٥﴾"
https://kuran.diyanet.gov.tr/tefsir/Bakara-suresi/13/6-ayet-tefsiri,"اِنَّ الَّذٖينَ كَفَرُوا سَوَٓاءٌ عَلَيْهِمْ ءَاَنْذَرْتَهُمْ اَمْ لَمْ تُنْذِرْهُمْ لَا يُؤْمِنُونَ
                                                    ﴿٦﴾"
https://kuran.diyanet.gov.tr/tefsir/Bakara-suresi/14/7-ayet-tefsiri,"خَتَمَ اللّٰهُ عَلٰى قُلُوبِهِمْ وَعَلٰى سَمْعِهِمْؕ وَعَلٰٓى اَبْصَارِهِمْ غِشَاوَةٌؗ وَلَهُمْ عَذَابٌ عَظٖيمٌࣖ
                                                    ﴿٧﴾"
https://kuran.diyanet.gov.tr/tefsir/Bakara-suresi/15/8-ayet-tefsiri,"وَمِنَ النَّاسِ مَنْ يَقُولُ اٰمَنَّا بِاللّٰهِ وَبِالْيَوْمِ الْاٰخِرِ وَمَا هُمْ بِمُؤْمِنٖينَۘ
                                                    ﴿٨﴾"
https://kuran.diyanet.gov.tr/tefsir/Bakara-suresi/16/9-ayet-tefsiri,"يُخَادِعُونَ اللّٰهَ وَالَّذٖينَ اٰمَنُواۚ وَمَا يَخْدَعُونَ اِلَّٓا اَنْفُسَهُمْ وَمَا يَشْعُرُونَؕ
                                                    ﴿٩﴾"
https://kuran.diyanet.gov.tr/tefsir/Bakara-suresi/17/10-ayet-tefsiri,"فٖي قُلُوبِهِمْ مَرَضٌۙ فَزَادَهُمُ اللّٰهُ مَرَضاًۚ وَلَهُمْ عَذَابٌ اَلٖيمٌۙ بِمَا كَانُوا يَكْذِبُونَ
                                                    ﴿١٠﴾"
https://kuran.diyanet.gov.tr/tefsir/Bakara-suresi/18/11-ayet-tefsiri,"وَاِذَا قٖيلَ لَهُمْ لَا تُفْسِدُوا فِي الْاَرْضِۙ قَالُٓوا اِنَّمَا نَحْنُ مُصْلِحُونَ
                                                    ﴿١١﴾"
https://kuran.diyanet.gov.tr/tefsir/Bakara-suresi/19/12-ayet-tefsiri,"اَلَٓا اِنَّهُمْ هُمُ الْمُفْسِدُونَ وَلٰكِنْ لَا يَشْعُرُونَ
                                                    ﴿١٢﴾"
https://kuran.diyanet.gov.tr/tefsir/Bakara-suresi/20/13-ayet-tefsiri,"وَاِذَا قٖيلَ لَهُمْ اٰمِنُوا كَمَٓا اٰمَنَ النَّاسُ قَالُٓوا اَنُؤْمِنُ كَمَٓا اٰمَنَ السُّفَـهَٓاءُؕ اَلَٓا اِنَّهُمْ هُمُ السُّفَـهَٓاءُ وَلٰكِنْ لَا يَعْلَمُونَ
                                                    ﴿١٣﴾"
https://kuran.diyanet.gov.tr/tefsir/Bakara-suresi/21/14-16-ayet-tefsiri,"وَاِذَا لَقُوا الَّذٖينَ اٰمَنُوا قَالُٓوا اٰمَنَّاۚ وَاِذَا خَلَوْا اِلٰى شَيَاطٖينِهِمْۙ قَالُٓوا اِنَّا مَعَكُمْۙ اِنَّمَا نَحْنُ مُسْتَهْزِؤُ۫نَ
                                                    ﴿١٤﴾"
https://kuran.diyanet.gov.tr/tefsir/Bakara-suresi/21/14-16-ayet-tefsiri,"اَللّٰهُ يَسْتَهْزِئُ بِهِمْ وَيَمُدُّهُمْ فٖي طُغْيَانِهِمْ يَعْمَهُونَ
                                                    ﴿١٥﴾"
https://kuran.diyanet.gov.tr/tefsir/Bakara-suresi/21/14-16-ayet-tefsiri,"اُو۬لٰٓئِكَ الَّذٖينَ اشْتَرَوُا الضَّلَالَةَ بِالْهُدٰىࣕ فَمَا رَبِحَتْ تِجَارَتُهُمْ وَمَا كَانُوا مُهْتَدٖينَ
                                                    ﴿١٦﴾"
https://kuran.diyanet.gov.tr/tefsir/Bakara-suresi/24/17-20-ayet-tefsiri,"مَثَلُهُمْ كَمَثَلِ الَّذِي اسْتَوْقَدَ نَاراًۚ فَلَمَّٓا اَضَٓاءَتْ مَا حَوْلَهُ ذَهَبَ اللّٰهُ بِنُورِهِمْ وَتَرَكَهُمْ فٖي ظُلُمَاتٍ لَا يُبْصِرُونَ
                                                    ﴿١٧﴾"
https://kuran.diyanet.gov.tr/tefsir/Bakara-suresi/24/17-20-ayet-tefsiri,"صُمٌّ بُكْمٌ عُمْيٌ فَهُمْ لَا يَرْجِعُونَۙ
                                                    ﴿١٨﴾"
https://kuran.diyanet.gov.tr/tefsir/Bakara-suresi/24/17-20-ayet-tefsiri,"اَوْ كَصَيِّبٍ مِنَ السَّمَٓاءِ فٖيهِ ظُلُمَاتٌ وَرَعْدٌ وَبَرْقٌۚ يَجْعَلُونَ اَصَابِعَهُمْ فٖٓي اٰذَانِهِمْ مِنَ الصَّوَاعِقِ حَذَرَ الْمَوْتِؕ وَاللّٰهُ مُحٖيطٌ بِالْكَافِرٖينَ
                                                    ﴿١٩﴾"
https://kuran.diyanet.gov.tr/tefsir/Bakara-suresi/24/17-20-ayet-tefsiri,"يَكَادُ الْبَرْقُ يَخْطَفُ اَبْصَارَهُمْؕ كُلَّمَٓا اَضَٓاءَ لَهُمْ مَشَوْا فٖيهِۙ وَاِذَٓا اَظْلَمَ عَلَيْهِمْ قَامُواؕ وَلَوْ شَٓاءَ اللّٰهُ لَذَهَبَ بِسَمْعِهِمْ وَاَبْصَارِهِمْؕ اِنَّ اللّٰهَ عَلٰى كُلِّ شَيْءٍ قَدٖيرٌࣖ
                                                    ﴿٢٠﴾"
https://kuran.diyanet.gov.tr/tefsir/Bakara-suresi/28/21-ayet-tefsiri,"يَٓا اَيُّهَا النَّاسُ اعْبُدُوا رَبَّكُمُ الَّذٖي خَلَقَكُمْ وَالَّذٖينَ مِنْ قَبْلِكُمْ لَعَلَّكُمْ تَتَّقُونَۙ
                                                    ﴿٢١﴾"
https://kuran.diyanet.gov.tr/tefsir/Bakara-suresi/29/22-ayet-tefsiri,"اَلَّذٖي جَعَلَ لَكُمُ الْاَرْضَ فِرَاشاً وَالسَّمَٓاءَ بِنَٓاءًࣕ وَاَنْزَلَ مِنَ السَّمَٓاءِ مَٓاءً فَاَخْرَجَ بِهٖ مِنَ الثَّمَرَاتِ رِزْقاً لَكُمْۚ فَلَا تَجْعَلُوا لِلّٰهِ اَنْدَاداً وَاَنْتُمْ تَعْلَمُونَ
                                                    ﴿٢٢﴾"
https://kuran.diyanet.gov.tr/tefsir/Bakara-suresi/30/23-ayet-tefsiri,"وَاِنْ كُنْتُمْ فٖي رَيْبٍ مِمَّا نَزَّلْنَا عَلٰى عَبْدِنَا فَأْتُوا بِسُورَةٍ مِنْ مِثْلِهٖࣕ وَادْعُوا شُهَدَٓاءَكُمْ مِنْ دُونِ اللّٰهِ اِنْ كُنْتُمْ صَادِقٖينَ
                                                    ﴿٢٣﴾"
https://kuran.diyanet.gov.tr/tefsir/Bakara-suresi/31/24-ayet-tefsiri,"فَاِنْ لَمْ تَفْعَلُوا وَلَنْ تَفْعَلُوا فَاتَّقُوا النَّارَ الَّتٖي وَقُودُهَا النَّاسُ وَالْحِجَارَةُۚ اُعِدَّتْ لِلْكَافِرٖينَ
                                                    ﴿٢٤﴾"
https://kuran.diyanet.gov.tr/tefsir/Bakara-suresi/32/25-ayet-tefsiri,"وَبَشِّرِ الَّذٖينَ اٰمَنُوا وَعَمِلُوا الصَّالِحَاتِ اَنَّ لَهُمْ جَنَّاتٍ تَجْرٖي مِنْ تَحْتِهَا الْاَنْهَارُؕ كُلَّمَا رُزِقُوا مِنْهَا مِنْ ثَمَرَةٍ رِزْقاًۙ قَالُوا هٰذَا الَّذٖي رُزِقْنَا مِنْ قَبْلُ وَاُتُوا بِهٖ مُتَشَابِهاًؕ وَلَهُمْ فٖيهَٓا اَزْوَاجٌ مُطَهَّرَةٌ وَهُمْ فٖيهَا خَالِدُونَ
                                                    ﴿٢٥﴾"
https://kuran.diyanet.gov.tr/tefsir/Bakara-suresi/33/26-ayet-tefsiri,"اِنَّ اللّٰهَ لَا يَسْتَحْـيٖٓ اَنْ يَضْرِبَ مَثَلاً مَا بَعُوضَةً فَمَا فَوْقَهَاؕ فَاَمَّا الَّذٖينَ اٰمَنُوا فَيَعْلَمُونَ اَنَّهُ الْحَقُّ مِنْ رَبِّهِمْۚ وَاَمَّا الَّذٖينَ كَفَرُوا فَيَقُولُونَ مَاذَٓا اَرَادَ اللّٰهُ بِهٰذَا مَثَلاًۘ يُضِلُّ بِهٖ كَثٖيراً وَيَهْدٖي بِهٖ كَثٖيراًؕ وَمَا يُضِلُّ بِهٖٓ اِلَّا الْفَاسِقٖينَۙ
                                                    ﴿٢٦﴾"
https://kuran.diyanet.gov.tr/tefsir/Bakara-suresi/34/27-ayet-tefsiri,"اَلَّذٖينَ يَنْقُضُونَ عَهْدَ اللّٰهِ مِنْ بَعْدِ مٖيثَاقِهٖࣕ وَيَقْطَعُونَ مَٓا اَمَرَ اللّٰهُ بِهٖٓ اَنْ يُوصَلَ وَيُفْسِدُونَ فِي الْاَرْضِؕ اُو۬لٰٓئِكَ هُمُ الْخَاسِرُونَ
                                                    ﴿٢٧﴾"
https://kuran.diyanet.gov.tr/tefsir/Bakara-suresi/35/28-ayet-tefsiri,"كَيْفَ تَكْفُرُونَ بِاللّٰهِ وَكُنْتُمْ اَمْوَاتاً فَاَحْيَاكُمْۚ ثُمَّ يُمٖيتُكُمْ ثُمَّ يُحْيٖيكُمْ ثُمَّ اِلَيْهِ تُرْجَعُونَ
                                                    ﴿٢٨﴾"
https://kuran.diyanet.gov.tr/tefsir/Bakara-suresi/36/29-ayet-tefsiri,"هُوَ الَّذٖي خَلَقَ لَكُمْ مَا فِي الْاَرْضِ جَمٖيعاً ثُمَّ اسْتَوٰٓى اِلَى السَّمَٓاءِ فَسَوّٰيهُنَّ سَبْعَ سَمٰوَاتٍؕ وَهُوَ بِكُلِّ شَيْءٍ عَلٖيمٌࣖ
                                                    ﴿٢٩﴾"
https://kuran.diyanet.gov.tr/tefsir/Bakara-suresi/37/30-ayet-tefsiri,"وَاِذْ قَالَ رَبُّكَ لِلْمَلٰٓئِكَةِ اِنّٖي جَاعِلٌ فِي الْاَرْضِ خَلٖيفَةًؕ قَالُٓوا اَتَجْعَلُ فٖيهَا مَنْ يُفْسِدُ فٖيهَا وَيَسْفِكُ الدِّمَٓاءَۚ وَنَحْنُ نُسَبِّحُ بِحَمْدِكَ وَنُقَدِّسُ لَكَؕ قَالَ اِنّٖٓي اَعْلَمُ مَا لَا تَعْلَمُونَ
                                                    ﴿٣٠﴾"
https://kuran.diyanet.gov.tr/tefsir/Bakara-suresi/38/31-33-ayet-tefsiri,"وَعَلَّمَ اٰدَمَ الْاَسْمَٓاءَ كُلَّهَا ثُمَّ عَرَضَهُمْ عَلَى الْمَلٰٓئِكَةِ فَقَالَ اَنْبِؤُ۫نٖي بِاَسْمَٓاءِ هٰٓؤُ۬لَٓاءِ اِنْ كُنْتُمْ صَادِقٖينَ
                                                    ﴿٣١﴾"
https://kuran.diyanet.gov.tr/tefsir/Bakara-suresi/38/31-33-ayet-tefsiri,"قَالُوا سُبْحَانَكَ لَا عِلْمَ لَنَٓا اِلَّا مَا عَلَّمْتَنَاؕ اِنَّكَ اَنْتَ الْعَلٖيمُ الْحَكٖيمُ
                                                    ﴿٣٢﴾"
https://kuran.diyanet.gov.tr/tefsir/Bakara-suresi/38/31-33-ayet-tefsiri,"قَالَ يَٓا اٰدَمُ اَنْبِئْهُمْ بِاَسْمَٓائِهِمْۚ فَلَمَّٓا اَنْبَاَهُمْ بِاَسْمَٓائِهِمْۙ قَالَ اَلَمْ اَقُلْ لَكُمْ اِنّٖٓي اَعْلَمُ غَيْبَ السَّمٰوَاتِ وَالْاَرْضِ وَاَعْلَمُ مَا تُبْدُونَ وَمَا كُنْتُمْ تَكْتُمُونَ
                                                    ﴿٣٣﴾"
https://kuran.diyanet.gov.tr/tefsir/Bakara-suresi/41/34-ayet-tefsiri,"وَاِذْ قُلْنَا لِلْمَلٰٓئِكَةِ اسْجُدُوا لِاٰدَمَ فَسَجَدُٓوا اِلَّٓا اِبْلٖيسَؕ اَبٰى وَاسْتَكْبَرَ وَكَانَ مِنَ الْكَافِرٖينَ
                                                    ﴿٣٤﴾"
https://kuran.diyanet.gov.tr/tefsir/Bakara-suresi/42/35-ayet-tefsiri,"وَقُلْنَا يَٓا اٰدَمُ اسْكُنْ اَنْتَ وَزَوْجُكَ الْجَنَّةَ وَكُلَا مِنْهَا رَغَداً حَيْثُ شِئْتُمَاࣕ وَلَا تَقْرَبَا هٰذِهِ الشَّجَرَةَ فَتَكُونَا مِنَ الظَّالِمٖينَ
                                                    ﴿٣٥﴾"
https://kuran.diyanet.gov.tr/tefsir/Bakara-suresi/43/36-39-ayet-tefsiri,"فَاَزَلَّهُمَا الشَّيْطَانُ عَنْهَا فَاَخْرَجَهُمَا مِمَّا كَانَا فٖيهِࣕ وَقُلْنَا اهْبِطُوا بَعْضُكُمْ لِبَعْضٍ عَدُوٌّۚ وَلَكُمْ فِي الْاَرْضِ مُسْتَقَرٌّ وَمَتَاعٌ اِلٰى حٖينٍ
                                                    ﴿٣٦﴾"
https://kuran.diyanet.gov.tr/tefsir/Bakara-suresi/43/36-39-ayet-tefsiri,"فَتَلَقّٰٓى اٰدَمُ مِنْ رَبِّهٖ كَلِمَاتٍ فَتَابَ عَلَيْهِؕ اِنَّهُ هُوَ التَّوَّابُ الرَّحٖيمُ
                                                    ﴿٣٧﴾"
https://kuran.diyanet.gov.tr/tefsir/Bakara-suresi/43/36-39-ayet-tefsiri,"قُلْنَا اهْبِطُوا مِنْهَا جَمٖيعاًۚ فَاِمَّا يَأْتِيَنَّكُمْ مِنّٖي هُدًى فَمَنْ تَبِعَ هُدَايَ فَلَا خَوْفٌ عَلَيْهِمْ وَلَا هُمْ يَحْزَنُونَ
                                                    ﴿٣٨﴾"
https://kuran.diyanet.gov.tr/tefsir/Bakara-suresi/43/36-39-ayet-tefsiri,"وَالَّذٖينَ كَفَرُوا وَكَذَّبُوا بِاٰيَاتِنَٓا اُو۬لٰٓئِكَ اَصْحَابُ النَّارِۚ هُمْ فٖيهَا خَالِدُونَࣖ
                                                    ﴿٣٩﴾"
https://kuran.diyanet.gov.tr/tefsir/Bakara-suresi/47/40-ayet-tefsiri,"يَا بَنٖٓي اِسْرَٓائٖلَ اذْكُرُوا نِعْمَتِيَ الَّتٖٓي اَنْعَمْتُ عَلَيْكُمْ وَاَوْفُوا بِعَهْدٖٓي اُو۫فِ بِعَهْدِكُمْ وَاِيَّايَ فَارْهَبُونِ
                                                    ﴿٤٠﴾"
https://kuran.diyanet.gov.tr/tefsir/Bakara-suresi/48/41-ayet-tefsiri,"وَاٰمِنُوا بِمَٓا اَنْزَلْتُ مُصَدِّقاً لِمَا مَعَكُمْ وَلَا تَكُونُٓوا اَوَّلَ كَافِرٍ بِهٖࣕ وَلَا تَشْتَرُوا بِاٰيَاتٖي ثَمَناً قَلٖيلاًؗ وَاِيَّايَ فَاتَّقُونِ
                                                    ﴿٤١﴾"
https://kuran.diyanet.gov.tr/tefsir/Bakara-suresi/49/42-43-ayet-tefsiri,"وَلَا تَلْبِسُوا الْحَقَّ بِالْبَاطِلِ وَتَكْتُمُوا الْحَقَّ وَاَنْتُمْ تَعْلَمُونَ
                                                    ﴿٤٢﴾"
https://kuran.diyanet.gov.tr/tefsir/Bakara-suresi/49/42-43-ayet-tefsiri,"وَاَقٖيمُوا الصَّلٰوةَ وَاٰتُوا الزَّكٰوةَ وَارْكَعُوا مَعَ الرَّاكِعٖينَ
                                                    ﴿٤٣﴾"
https://kuran.diyanet.gov.tr/tefsir/Bakara-suresi/51/44-ayet-tefsiri,"اَتَأْمُرُونَ النَّاسَ بِالْبِرِّ وَتَنْسَوْنَ اَنْفُسَكُمْ وَاَنْتُمْ تَتْلُونَ الْكِتَابَؕ اَفَلَا تَعْقِلُونَ
                                                    ﴿٤٤﴾"
https://kuran.diyanet.gov.tr/tefsir/Bakara-suresi/52/45-46-ayet-tefsiri,"وَاسْتَعٖينُوا بِالصَّبْرِ وَالصَّلٰوةِؕ وَاِنَّهَا لَكَبٖيرَةٌ اِلَّا عَلَى الْخَاشِعٖينَۙ
                                                    ﴿٤٥﴾"
https://kuran.diyanet.gov.tr/tefsir/Bakara-suresi/52/45-46-ayet-tefsiri,"اَلَّذٖينَ يَظُنُّونَ اَنَّهُمْ مُلَاقُوا رَبِّهِمْ وَاَنَّهُمْ اِلَيْهِ رَاجِعُونَࣖ
                                                    ﴿٤٦﴾"
https://kuran.diyanet.gov.tr/tefsir/Bakara-suresi/54/47-ayet-tefsiri,"يَا بَنٖٓي اِسْرَٓائٖلَ اذْكُرُوا نِعْمَتِيَ الَّتٖٓي اَنْعَمْتُ عَلَيْكُمْ وَاَنّٖي فَضَّلْتُكُمْ عَلَى الْعَالَمٖينَ
                                                    ﴿٤٧﴾"
https://kuran.diyanet.gov.tr/tefsir/Bakara-suresi/55/48-ayet-tefsiri,"وَاتَّقُوا يَوْماً لَا تَجْزٖي نَفْسٌ عَنْ نَفْسٍ شَيْـٔاً وَلَا يُقْبَلُ مِنْهَا شَفَاعَةٌ وَلَا يُؤْخَذُ مِنْهَا عَدْلٌ وَلَا هُمْ يُنْصَرُونَ
                                                    ﴿٤٨﴾"
https://kuran.diyanet.gov.tr/tefsir/Bakara-suresi/56/49-59-ayet-tefsiri,"وَاِذْ نَجَّيْنَاكُمْ مِنْ اٰلِ فِرْعَوْنَ يَسُومُونَكُمْ سُٓوءَ الْعَذَابِ يُذَبِّحُونَ اَبْنَٓاءَكُمْ وَيَسْتَحْيُونَ نِسَٓاءَكُمْؕ وَفٖي ذٰلِكُمْ بَلَٓاءٌ مِنْ رَبِّكُمْ عَظٖيمٌ
                                                    ﴿٤٩﴾"
https://kuran.diyanet.gov.tr/tefsir/Bakara-suresi/56/49-59-ayet-tefsiri,"وَاِذْ فَرَقْنَا بِكُمُ الْبَحْرَ فَاَنْجَيْنَاكُمْ وَاَغْرَقْـنَٓا اٰلَ فِرْعَوْنَ وَاَنْتُمْ تَنْظُرُونَ
                                                    ﴿٥٠﴾"
https://kuran.diyanet.gov.tr/tefsir/Bakara-suresi/56/49-59-ayet-tefsiri,"وَاِذْ وٰعَدْنَا مُوسٰٓى اَرْبَعٖينَ لَيْلَةً ثُمَّ اتَّخَذْتُمُ الْعِجْلَ مِنْ بَعْدِهٖ وَاَنْتُمْ ظَالِمُونَ
                                                    ﴿٥١﴾"
https://kuran.diyanet.gov.tr/tefsir/Bakara-suresi/56/49-59-ayet-tefsiri,"ثُمَّ عَفَوْنَا عَنْكُمْ مِنْ بَعْدِ ذٰلِكَ لَعَلَّكُمْ تَشْكُرُونَ
                                                    ﴿٥٢﴾"
https://kuran.diyanet.gov.tr/tefsir/Bakara-suresi/56/49-59-ayet-tefsiri,"وَاِذْ اٰتَيْنَا مُوسَى الْكِتَابَ وَالْفُرْقَانَ لَعَلَّكُمْ تَهْتَدُونَ
                                                    ﴿٥٣﴾"
https://kuran.diyanet.gov.tr/tefsir/Bakara-suresi/56/49-59-ayet-tefsiri,"وَاِذْ قَالَ مُوسٰى لِقَوْمِهٖ يَا قَوْمِ اِنَّكُمْ ظَلَمْتُمْ اَنْفُسَكُمْ بِاتِّخَاذِكُمُ الْعِجْلَ فَتُوبُٓوا اِلٰى بَارِئِكُمْ فَاقْتُلُٓوا اَنْفُسَكُمْؕ ذٰلِكُمْ خَيْرٌ لَكُمْ عِنْدَ بَارِئِكُمْؕ فَتَابَ عَلَيْكُمْؕ اِنَّهُ هُوَ التَّوَّابُ الرَّحٖيمُ
                                                    ﴿٥٤﴾"
https://kuran.diyanet.gov.tr/tefsir/Bakara-suresi/56/49-59-ayet-tefsiri,"وَاِذْ قُلْتُمْ يَا مُوسٰى لَنْ نُؤْمِنَ لَكَ حَتّٰى نَرَى اللّٰهَ جَهْرَةً فَاَخَذَتْكُمُ الصَّاعِقَةُ وَاَنْتُمْ تَنْظُرُونَ
                                                    ﴿٥٥﴾"
https://kuran.diyanet.gov.tr/tefsir/Bakara-suresi/56/49-59-ayet-tefsiri,"ثُمَّ بَعَثْنَاكُمْ مِنْ بَعْدِ مَوْتِكُمْ لَعَلَّكُمْ تَشْكُرُونَ
                                                    ﴿٥٦﴾"
https://kuran.diyanet.gov.tr/tefsir/Bakara-suresi/56/49-59-ayet-tefsiri,"وَظَلَّلْنَا عَلَيْكُمُ الْغَمَامَ وَاَنْزَلْنَا عَلَيْكُمُ الْمَنَّ وَالسَّلْوٰىؕ كُلُوا مِنْ طَيِّبَاتِ مَا رَزَقْنَاكُمْؕ وَمَا ظَلَمُونَا وَلٰكِنْ كَانُٓوا اَنْفُسَهُمْ يَظْلِمُونَ
                                                    ﴿٥٧﴾"
https://kuran.diyanet.gov.tr/tefsir/Bakara-suresi/56/49-59-ayet-tefsiri,"وَاِذْ قُلْنَا ادْخُلُوا هٰذِهِ الْقَرْيَةَ فَكُلُوا مِنْهَا حَيْثُ شِئْتُمْ رَغَداً وَادْخُلُوا الْبَابَ سُجَّداً وَقُولُوا حِطَّةٌ نَغْفِرْ لَكُمْ خَطَايَاكُمْؕ وَسَنَزٖيدُ الْمُحْسِنٖينَ
                                                    ﴿٥٨﴾"
https://kuran.diyanet.gov.tr/tefsir/Bakara-suresi/56/49-59-ayet-tefsiri,"فَبَدَّلَ الَّذٖينَ ظَلَمُوا قَوْلاً غَيْرَ الَّذٖي قٖيلَ لَهُمْ فَاَنْزَلْنَا عَلَى الَّذٖينَ ظَلَمُوا رِجْزاً مِنَ السَّمَٓاءِ بِمَا كَانُوا يَفْسُقُونَࣖ
                                                    ﴿٥٩﴾"
https://kuran.diyanet.gov.tr/tefsir/Bakara-suresi/67/60-ayet-tefsiri,"وَاِذِ اسْتَسْقٰى مُوسٰى لِقَوْمِهٖ فَقُلْنَا اضْرِبْ بِعَصَاكَ الْحَجَرَؕ فَانْفَجَرَتْ مِنْهُ اثْنَتَا عَشْرَةَ عَيْناًؕ قَدْ عَلِمَ كُلُّ اُنَاسٍ مَشْرَبَهُمْؕ كُلُوا وَاشْرَبُوا مِنْ رِزْقِ اللّٰهِ وَلَا تَعْثَوْا فِي الْاَرْضِ مُفْسِدٖينَ
                                                    ﴿٦٠﴾"
https://kuran.diyanet.gov.tr/tefsir/Bakara-suresi/68/61-ayet-tefsiri,"وَاِذْ قُلْتُمْ يَا مُوسٰى لَنْ نَصْبِرَ عَلٰى طَعَامٍ وَاحِدٍ فَادْعُ لَنَا رَبَّكَ يُخْرِجْ لَنَا مِمَّا تُنْبِتُ الْاَرْضُ مِنْ بَقْلِهَا وَقِثَّٓائِهَا وَفُومِهَا وَعَدَسِهَا وَبَصَلِهَاؕ قَالَ اَتَسْتَبْدِلُونَ الَّذٖي هُوَ اَدْنٰى بِالَّذٖي هُوَ خَيْرٌؕ اِهْبِطُوا مِصْراً فَاِنَّ لَكُمْ مَا سَاَلْتُمْؕ وَضُرِبَتْ عَلَيْهِمُ الذِّلَّةُ وَالْمَسْكَنَةُ وَبَٓاؤُ۫ بِغَضَبٍ مِنَ اللّٰهِؕ ذٰلِكَ بِاَنَّهُمْ كَانُوا يَكْفُرُونَ بِاٰيَاتِ اللّٰهِ وَيَقْتُلُونَ النَّبِيّٖنَ بِغَيْرِ الْحَقِّؕ ذٰلِكَ بِمَا عَصَوْا وَكَانُوا يَعْتَدُونَࣖ
                                                    ﴿٦١﴾"
https://kuran.diyanet.gov.tr/tefsir/Bakara-suresi/69/62-ayet-tefsiri,"اِنَّ الَّذٖينَ اٰمَنُوا وَالَّذٖينَ هَادُوا وَالنَّصَارٰى وَالصَّابِـٖٔينَ مَنْ اٰمَنَ بِاللّٰهِ وَالْيَوْمِ الْاٰخِرِ وَعَمِلَ صَالِحاً فَلَهُمْ اَجْرُهُمْ عِنْدَ رَبِّهِمْࣕ وَلَا خَوْفٌ عَلَيْهِمْ وَلَا هُمْ يَحْزَنُونَ
                                                    ﴿٦٢﴾"
https://kuran.diyanet.gov.tr/tefsir/Bakara-suresi/70/63-64-ayet-tefsiri,"وَاِذْ اَخَذْنَا مٖيثَاقَكُمْ وَرَفَعْنَا فَوْقَكُمُ الطُّورَؕ خُذُوا مَٓا اٰتَيْنَاكُمْ بِقُوَّةٍ وَاذْكُرُوا مَا فٖيهِ لَعَلَّكُمْ تَتَّقُونَ
                                                    ﴿٦٣﴾"
https://kuran.diyanet.gov.tr/tefsir/Bakara-suresi/70/63-64-ayet-tefsiri,"ثُمَّ تَوَلَّيْتُمْ مِنْ بَعْدِ ذٰلِكَۚ فَلَوْلَا فَضْلُ اللّٰهِ عَلَيْكُمْ وَرَحْمَتُهُ لَكُنْتُمْ مِنَ الْخَاسِرٖينَ
                                                    ﴿٦٤﴾"
https://kuran.diyanet.gov.tr/tefsir/Bakara-suresi/72/65-66-ayet-tefsiri,"وَلَقَدْ عَلِمْتُمُ الَّذٖينَ اعْتَدَوْا مِنْكُمْ فِي السَّبْتِ فَقُلْنَا لَهُمْ كُونُوا قِرَدَةً خَاسِـٖٔينَۚ
                                                    ﴿٦٥﴾"
https://kuran.diyanet.gov.tr/tefsir/Bakara-suresi/72/65-66-ayet-tefsiri,"فَجَعَلْنَاهَا نَكَالاً لِمَا بَيْنَ يَدَيْهَا وَمَا خَلْفَهَا وَمَوْعِظَةً لِلْمُتَّقٖينَ
                                                    ﴿٦٦﴾"
https://kuran.diyanet.gov.tr/tefsir/Bakara-suresi/74/67-73-ayet-tefsiri,"وَاِذْ قَالَ مُوسٰى لِقَوْمِهٖٓ اِنَّ اللّٰهَ يَأْمُرُكُمْ اَنْ تَذْبَحُوا بَقَرَةًؕ قَالُٓوا اَتَتَّخِذُنَا هُزُواًؕ قَالَ اَعُوذُ بِاللّٰهِ اَنْ اَكُونَ مِنَ الْجَاهِلٖينَ
                                                    ﴿٦٧﴾"
https://kuran.diyanet.gov.tr/tefsir/Bakara-suresi/74/67-73-ayet-tefsiri,"قَالُوا ادْعُ لَنَا رَبَّكَ يُبَيِّنْ لَنَا مَا هِيَؕ قَالَ اِنَّهُ يَقُولُ اِنَّهَا بَقَرَةٌ لَا فَارِضٌ وَلَا بِكْرٌؕ عَوَانٌ بَيْنَ ذٰلِكَؕ فَافْعَلُوا مَا تُؤْمَرُونَ
                                                    ﴿٦٨﴾"
https://kuran.diyanet.gov.tr/tefsir/Bakara-suresi/74/67-73-ayet-tefsiri,"قَالُوا ادْعُ لَنَا رَبَّكَ يُبَيِّنْ لَنَا مَا لَوْنُهَاؕ قَالَ اِنَّهُ يَقُولُ اِنَّهَا بَقَرَةٌ صَفْرَٓاءُۙ فَاقِعٌ لَوْنُهَا تَسُرُّ النَّاظِرٖينَ
                                                    ﴿٦٩﴾"
https://kuran.diyanet.gov.tr/tefsir/Bakara-suresi/74/67-73-ayet-tefsiri,"قَالُوا ادْعُ لَنَا رَبَّكَ يُبَيِّنْ لَنَا مَا هِيَۙ اِنَّ الْبَقَرَ تَشَابَهَ عَلَيْنَاؕ وَاِنَّٓا اِنْ شَٓاءَ اللّٰهُ لَمُهْتَدُونَ
                                                    ﴿٧٠﴾"
https://kuran.diyanet.gov.tr/tefsir/Bakara-suresi/74/67-73-ayet-tefsiri,"قَالَ اِنَّهُ يَقُولُ اِنَّهَا بَقَرَةٌ لَا ذَلُولٌ تُثٖيرُ الْاَرْضَ وَلَا تَسْقِي الْحَرْثَۚ مُسَلَّمَةٌ لَا شِيَةَ فٖيهَاؕ قَالُوا الْـٰٔنَ جِئْتَ بِالْحَقِّؕ فَذَبَحُوهَا وَمَا كَادُوا يَفْعَلُونَࣖ
                                                    ﴿٧١﴾"
https://kuran.diyanet.gov.tr/tefsir/Bakara-suresi/74/67-73-ayet-tefsiri,"وَاِذْ قَتَلْتُمْ نَفْساً فَادّٰرَءْتُمْ فٖيهَاؕ وَاللّٰهُ مُخْرِجٌ مَا كُنْتُمْ تَكْتُمُونَۚ
                                                    ﴿٧٢﴾"
https://kuran.diyanet.gov.tr/tefsir/Bakara-suresi/74/67-73-ayet-tefsiri,"فَقُلْنَا اضْرِبُوهُ بِبَعْضِهَاؕ كَذٰلِكَ يُحْـيِ اللّٰهُ الْمَوْتٰى وَيُرٖيكُمْ اٰيَاتِهٖ لَعَلَّكُمْ تَعْقِلُونَ
                                                    ﴿٧٣﴾"
https://kuran.diyanet.gov.tr/tefsir/Bakara-suresi/81/74-ayet-tefsiri,"ثُمَّ قَسَتْ قُلُوبُكُمْ مِنْ بَعْدِ ذٰلِكَ فَهِيَ كَالْحِجَارَةِ اَوْ اَشَدُّ قَسْوَةًؕ وَاِنَّ مِنَ الْحِجَارَةِ لَمَا يَتَفَجَّرُ مِنْهُ الْاَنْهَارُؕ وَاِنَّ مِنْهَا لَمَا يَشَّقَّقُ فَيَخْرُجُ مِنْهُ الْمَٓاءُؕ وَاِنَّ مِنْهَا لَمَا يَهْبِطُ مِنْ خَشْيَةِ اللّٰهِؕ وَمَا اللّٰهُ بِغَافِلٍ عَمَّا تَعْمَلُونَ
                                                    ﴿٧٤﴾"
https://kuran.diyanet.gov.tr/tefsir/Bakara-suresi/82/75-ayet-tefsiri,"اَفَتَطْمَعُونَ اَنْ يُؤْمِنُوا لَكُمْ وَقَدْ كَانَ فَرٖيقٌ مِنْهُمْ يَسْمَعُونَ كَلَامَ اللّٰهِ ثُمَّ يُحَرِّفُونَهُ مِنْ بَعْدِ مَا عَقَلُوهُ وَهُمْ يَعْلَمُونَ
                                                    ﴿٧٥﴾"
https://kuran.diyanet.gov.tr/tefsir/Bakara-suresi/83/76-77-ayet-tefsiri,"وَاِذَا لَقُوا الَّذٖينَ اٰمَنُوا قَالُٓوا اٰمَنَّاۚ وَاِذَا خَلَا بَعْضُهُمْ اِلٰى بَعْضٍ قَالُٓوا اَتُحَدِّثُونَهُمْ بِمَا فَتَحَ اللّٰهُ عَلَيْكُمْ لِيُحَٓاجُّوكُمْ بِهٖ عِنْدَ رَبِّكُمْؕ اَفَلَا تَعْقِلُونَ
                                                    ﴿٧٦﴾"
https://kuran.diyanet.gov.tr/tefsir/Bakara-suresi/83/76-77-ayet-tefsiri,"اَوَلَا يَعْلَمُونَ اَنَّ اللّٰهَ يَعْلَمُ مَا يُسِرُّونَ وَمَا يُعْلِنُونَ
                                                    ﴿٧٧﴾"
https://kuran.diyanet.gov.tr/tefsir/Bakara-suresi/85/78-ayet-tefsiri,"وَمِنْهُمْ اُمِّيُّونَ لَا يَعْلَمُونَ الْكِتَابَ اِلَّٓا اَمَانِيَّ وَاِنْ هُمْ اِلَّا يَظُنُّونَ
                                                    ﴿٧٨﴾"
https://kuran.diyanet.gov.tr/tefsir/Bakara-suresi/86/79-ayet-tefsiri,"فَوَيْلٌ لِلَّذٖينَ يَكْتُبُونَ الْكِتَابَ بِاَيْدٖيهِمْ ثُمَّ يَقُولُونَ هٰذَا مِنْ عِنْدِ اللّٰهِ لِيَشْتَرُوا بِهٖ ثَمَناً قَلٖيلاًؕ فَوَيْلٌ لَهُمْ مِمَّا كَتَبَتْ اَيْدٖيهِمْ وَوَيْلٌ لَهُمْ مِمَّا يَكْسِبُونَ
                                                    ﴿٧٩﴾"
https://kuran.diyanet.gov.tr/tefsir/Bakara-suresi/87/80-82-ayet-tefsiri,"وَقَالُوا لَنْ تَمَسَّنَا النَّارُ اِلَّٓا اَيَّاماً مَعْدُودَةًؕ قُلْ اَتَّخَذْتُمْ عِنْدَ اللّٰهِ عَهْداً فَلَنْ يُخْلِفَ اللّٰهُ عَهْدَهُٓ اَمْ تَقُولُونَ عَلَى اللّٰهِ مَا لَا تَعْلَمُونَ
                                                    ﴿٨٠﴾"
https://kuran.diyanet.gov.tr/tefsir/Bakara-suresi/87/80-82-ayet-tefsiri,"بَلٰى مَنْ كَسَبَ سَيِّئَةً وَاَحَاطَتْ بِهٖ خَطٖٓيـَٔتُهُ فَاُو۬لٰٓئِكَ اَصْحَابُ النَّارِۚ هُمْ فٖيهَا خَالِدُونَ
                                                    ﴿٨١﴾"
https://kuran.diyanet.gov.tr/tefsir/Bakara-suresi/87/80-82-ayet-tefsiri,"وَالَّذٖينَ اٰمَنُوا وَعَمِلُوا الصَّالِحَاتِ اُو۬لٰٓئِكَ اَصْحَابُ الْجَنَّةِۚ هُمْ فٖيهَا خَالِدُونَࣖ
                                                    ﴿٨٢﴾"
https://kuran.diyanet.gov.tr/tefsir/Bakara-suresi/90/83-84-ayet-tefsiri,"وَاِذْ اَخَذْنَا مٖيثَاقَ بَنٖٓي اِسْرَٓائٖلَ لَا تَعْبُدُونَ اِلَّا اللّٰهَ وَبِالْوَالِدَيْنِ اِحْسَاناً وَذِي الْقُرْبٰى وَالْيَتَامٰى وَالْمَسَاكٖينِ وَقُولُوا لِلنَّاسِ حُسْناً وَاَقٖيمُوا الصَّلٰوةَ وَاٰتُوا الزَّكٰوةَؕ ثُمَّ تَوَلَّيْتُمْ اِلَّا قَلٖيلاً مِنْكُمْ وَاَنْتُمْ مُعْرِضُونَ
                                                    ﴿٨٣﴾"
https://kuran.diyanet.gov.tr/tefsir/Bakara-suresi/90/83-84-ayet-tefsiri,"وَاِذْ اَخَذْنَا مٖيثَاقَكُمْ لَا تَسْفِكُونَ دِمَٓاءَكُمْ وَلَا تُخْرِجُونَ اَنْفُسَكُمْ مِنْ دِيَارِكُمْ ثُمَّ اَقْرَرْتُمْ وَاَنْتُمْ تَشْهَدُونَ
                                                    ﴿٨٤﴾"
https://kuran.diyanet.gov.tr/tefsir/Bakara-suresi/92/85-86-ayet-tefsiri,"ثُمَّ اَنْتُمْ هٰٓؤُ۬لَٓاءِ تَقْتُلُونَ اَنْفُسَكُمْ وَتُخْرِجُونَ فَرٖيقاً مِنْكُمْ مِنْ دِيَارِهِمْؗ تَظَاهَرُونَ عَلَيْهِمْ بِالْاِثْمِ وَالْعُدْوَانِؕ وَاِنْ يَأْتُوكُمْ اُسَارٰى تُفَادُوهُمْ وَهُوَ مُحَرَّمٌ عَلَيْكُمْ اِخْرَاجُهُمْؕ اَفَتُؤْمِنُونَ بِبَعْضِ الْكِتَابِ وَتَكْفُرُونَ بِبَعْضٍۚ فَمَا جَزَٓاءُ مَنْ يَفْعَلُ ذٰلِكَ مِنْكُمْ اِلَّا خِزْيٌ فِي الْحَيٰوةِ الدُّنْيَاۚ وَيَوْمَ الْقِيٰمَةِ يُرَدُّونَ اِلٰٓى اَشَدِّ الْعَذَابِؕ وَمَا اللّٰهُ بِغَافِلٍ عَمَّا تَعْمَلُونَ
                                                    ﴿٨٥﴾"
https://kuran.diyanet.gov.tr/tefsir/Bakara-suresi/92/85-86-ayet-tefsiri,"اُو۬لٰٓئِكَ الَّذٖينَ اشْتَرَوُا الْحَيٰوةَ الدُّنْيَا بِالْاٰخِرَةِؗ فَلَا يُخَفَّفُ عَنْهُمُ الْعَذَابُ وَلَا هُمْ يُنْصَرُونَࣖ
                                                    ﴿٨٦﴾"
https://kuran.diyanet.gov.tr/tefsir/Bakara-suresi/94/87-ayet-tefsiri,"وَلَقَدْ اٰتَيْنَا مُوسَى الْكِتَابَ وَقَفَّيْنَا مِنْ بَعْدِهٖ بِالرُّسُلِ وَاٰتَيْنَا عٖيسَى ابْنَ مَرْيَمَ الْبَيِّنَاتِ وَاَيَّدْنَاهُ بِرُوحِ الْقُدُسِؕ اَفَكُلَّمَا جَٓاءَكُمْ رَسُولٌ بِمَا لَا تَهْوٰٓى اَنْفُسُكُمُ اسْتَكْبَرْتُمْۚ فَفَرٖيقاً كَذَّبْتُمْؗ وَفَرٖيقاً تَقْتُلُونَ
                                                    ﴿٨٧﴾"
https://kuran.diyanet.gov.tr/tefsir/Bakara-suresi/95/88-ayet-tefsiri,"وَقَالُوا قُلُوبُنَا غُلْفٌؕ بَلْ لَعَنَهُمُ اللّٰهُ بِكُفْرِهِمْ فَقَلٖيلاً مَا يُؤْمِنُونَ
                                                    ﴿٨٨﴾"
https://kuran.diyanet.gov.tr/tefsir/Bakara-suresi/96/89-ayet-tefsiri,"وَلَمَّا جَٓاءَهُمْ كِتَابٌ مِنْ عِنْدِ اللّٰهِ مُصَدِّقٌ لِمَا مَعَهُمْۙ وَكَانُوا مِنْ قَبْلُ يَسْتَفْتِحُونَ عَلَى الَّذٖينَ كَفَرُواۚ فَلَمَّا جَٓاءَهُمْ مَا عَرَفُوا كَفَرُوا بِهٖؗ فَلَعْنَةُ اللّٰهِ عَلَى الْكَافِرٖينَ
                                                    ﴿٨٩﴾"
https://kuran.diyanet.gov.tr/tefsir/Bakara-suresi/97/90-ayet-tefsiri,"بِئْسَمَا اشْتَرَوْا بِهٖٓ اَنْفُسَهُمْ اَنْ يَكْفُرُوا بِمَٓا اَنْزَلَ اللّٰهُ بَغْياً اَنْ يُنَزِّلَ اللّٰهُ مِنْ فَضْلِهٖ عَلٰى مَنْ يَشَٓاءُ مِنْ عِبَادِهٖۚ فَبَٓاؤُ۫ بِغَضَبٍ عَلٰى غَضَبٍؕ وَلِلْكَافِرٖينَ عَذَابٌ مُهٖينٌ
                                                    ﴿٩٠﴾"
https://kuran.diyanet.gov.tr/tefsir/Bakara-suresi/98/91-ayet-tefsiri,"وَاِذَا قٖيلَ لَهُمْ اٰمِنُوا بِمَٓا اَنْزَلَ اللّٰهُ قَالُوا نُؤْمِنُ بِمَٓا اُنْزِلَ عَلَيْنَا وَيَكْفُرُونَ بِمَا وَرَٓاءَهُ وَهُوَ الْحَقُّ مُصَدِّقاً لِمَا مَعَهُمْؕ قُلْ فَلِمَ تَقْتُلُونَ اَنْبِيَٓاءَ اللّٰهِ مِنْ قَبْلُ اِنْ كُنْتُمْ مُؤْمِنٖينَ
                                                    ﴿٩١﴾"
https://kuran.diyanet.gov.tr/tefsir/Bakara-suresi/99/92-ayet-tefsiri,"وَلَقَدْ جَٓاءَكُمْ مُوسٰى بِالْبَيِّنَاتِ ثُمَّ اتَّخَذْتُمُ الْعِجْلَ مِنْ بَعْدِهٖ وَاَنْتُمْ ظَالِمُونَ
                                                    ﴿٩٢﴾"
https://kuran.diyanet.gov.tr/tefsir/Bakara-suresi/100/93-ayet-tefsiri,"وَاِذْ اَخَذْنَا مٖيثَاقَكُمْ وَرَفَعْنَا فَوْقَكُمُ الطُّورَؕ خُذُوا مَٓا اٰتَيْنَاكُمْ بِقُوَّةٍ وَاسْمَعُواؕ قَالُوا سَمِعْنَا وَعَصَيْنَا وَاُشْرِبُوا فٖي قُلُوبِهِمُ الْعِجْلَ بِكُفْرِهِمْؕ قُلْ بِئْسَمَا يَأْمُرُكُمْ بِهٖٓ اٖيمَانُكُمْ اِنْ كُنْتُمْ مُؤْمِنٖينَ
                                                    ﴿٩٣﴾"
https://kuran.diyanet.gov.tr/tefsir/Bakara-suresi/101/94-95-ayet-tefsiri,"قُلْ اِنْ كَانَتْ لَكُمُ الدَّارُ الْاٰخِرَةُ عِنْدَ اللّٰهِ خَالِصَةً مِنْ دُونِ النَّاسِ فَتَمَنَّوُا الْمَوْتَ اِنْ كُنْتُمْ صَادِقٖينَ
                                                    ﴿٩٤﴾"
https://kuran.diyanet.gov.tr/tefsir/Bakara-suresi/101/94-95-ayet-tefsiri,"وَلَنْ يَتَمَنَّوْهُ اَبَداً بِمَا قَدَّمَتْ اَيْدٖيهِمْؕ وَاللّٰهُ عَلٖيمٌ بِالظَّالِمٖينَ
                                                    ﴿٩٥﴾"
https://kuran.diyanet.gov.tr/tefsir/Bakara-suresi/103/96-ayet-tefsiri,"وَلَتَجِدَنَّهُمْ اَحْرَصَ النَّاسِ عَلٰى حَيٰوةٍۚ وَمِنَ الَّذٖينَ اَشْرَكُوا يَوَدُّ اَحَدُهُمْ لَوْ يُعَمَّرُ اَلْفَ سَنَةٍۚ وَمَا هُوَ بِمُزَحْزِحِهٖ مِنَ الْعَذَابِ اَنْ يُعَمَّرَؕ وَاللّٰهُ بَصٖيرٌ بِمَا يَعْمَلُونَࣖ
                                                    ﴿٩٦﴾"
https://kuran.diyanet.gov.tr/tefsir/Bakara-suresi/104/97-98-ayet-tefsiri,"قُلْ مَنْ كَانَ عَدُواًّ لِجِبْرٖيلَ فَاِنَّهُ نَزَّلَهُ عَلٰى قَلْبِكَ بِاِذْنِ اللّٰهِ مُصَدِّقاً لِمَا بَيْنَ يَدَيْهِ وَهُدًى وَبُشْرٰى لِلْمُؤْمِنٖينَ
                                                    ﴿٩٧﴾"
https://kuran.diyanet.gov.tr/tefsir/Bakara-suresi/104/97-98-ayet-tefsiri,"مَنْ كَانَ عَدُواًّ لِلّٰهِ وَمَلٰٓئِكَتِهٖ وَرُسُلِهٖ وَجِبْرٖيلَ وَمٖيكَالَ فَاِنَّ اللّٰهَ عَدُوٌّ لِلْكَافِرٖينَ
                                                    ﴿٩٨﴾"
https://kuran.diyanet.gov.tr/tefsir/Bakara-suresi/106/99-ayet-tefsiri,"وَلَقَدْ اَنْزَلْـنَٓا اِلَيْكَ اٰيَاتٍ بَيِّنَاتٍۚ وَمَا يَكْفُرُ بِهَٓا اِلَّا الْفَاسِقُونَ
                                                    ﴿٩٩﴾"
https://kuran.diyanet.gov.tr/tefsir/Bakara-suresi/107/100-101-ayet-tefsiri,"اَوَكُلَّمَا عَاهَدُوا عَهْداً نَبَذَهُ فَرٖيقٌ مِنْهُمْؕ بَلْ اَكْثَرُهُمْ لَا يُؤْمِنُونَ
                                                    ﴿١٠٠﴾"
https://kuran.diyanet.gov.tr/tefsir/Bakara-suresi/107/100-101-ayet-tefsiri,"وَلَمَّا جَٓاءَهُمْ رَسُولٌ مِنْ عِنْدِ اللّٰهِ مُصَدِّقٌ لِمَا مَعَهُمْ نَبَذَ فَرٖيقٌ مِنَ الَّذٖينَ اُو۫تُوا الْكِتَابَࣗ كِتَابَ اللّٰهِ وَرَٓاءَ ظُهُورِهِمْ كَاَنَّهُمْ لَا يَعْلَمُونَ
                                                    ﴿١٠١﴾"
https://kuran.diyanet.gov.tr/tefsir/Bakara-suresi/109/102-103-ayet-tefsiri,"وَاتَّـبَعُوا مَا تَتْلُوا الشَّيَاطٖينُ عَلٰى مُلْكِ سُلَيْمٰنَۚ وَمَا كَفَرَ سُلَيْمٰنُ وَلٰكِنَّ الشَّيَاطٖينَ كَفَرُوا يُعَلِّمُونَ النَّاسَ السِّحْرَࣗ وَمَٓا اُنْزِلَ عَلَى الْمَلَكَيْنِ بِبَابِلَ هَارُوتَ وَمَارُوتَؕ وَمَا يُعَلِّمَانِ مِنْ اَحَدٍ حَتّٰى يَقُولَٓا اِنَّمَا نَحْنُ فِتْنَةٌ فَلَا تَكْفُرْؕ فَيَتَعَلَّمُونَ مِنْهُمَا مَا يُفَرِّقُونَ بِهٖ بَيْنَ الْمَرْءِ وَزَوْجِهٖؕ وَمَا هُمْ بِضَٓارّٖينَ بِهٖ مِنْ اَحَدٍ اِلَّا بِاِذْنِ اللّٰهِؕ وَيَتَعَلَّمُونَ مَا يَضُرُّهُمْ وَلَا يَنْفَعُهُمْؕ وَلَقَدْ عَلِمُوا لَمَنِ اشْتَرٰيهُ مَا لَهُ فِي الْاٰخِرَةِ مِنْ خَلَاقٍࣞ وَلَبِئْسَ مَا شَرَوْا بِهٖٓ اَنْفُسَهُمْؕ لَوْ كَانُوا يَعْلَمُونَ
                                                    ﴿١٠٢﴾"
https://kuran.diyanet.gov.tr/tefsir/Bakara-suresi/109/102-103-ayet-tefsiri,"وَلَوْ اَنَّهُمْ اٰمَنُوا وَاتَّقَوْا لَمَثُوبَةٌ مِنْ عِنْدِ اللّٰهِ خَيْرٌؕ لَوْ كَانُوا يَعْلَمُونَࣖ
                                                    ﴿١٠٣﴾"
https://kuran.diyanet.gov.tr/tefsir/Bakara-suresi/111/104-ayet-tefsiri,"يَٓا اَيُّهَا الَّذٖينَ اٰمَنُوا لَا تَقُولُوا رَاعِنَا وَقُولُوا انْظُرْنَا وَاسْمَعُواؕ وَلِلْكَافِرٖينَ عَذَابٌ اَلٖيمٌ
                                                    ﴿١٠٤﴾"
https://kuran.diyanet.gov.tr/tefsir/Bakara-suresi/112/105-ayet-tefsiri,"مَا يَوَدُّ الَّذٖينَ كَفَرُوا مِنْ اَهْلِ الْكِتَابِ وَلَا الْمُشْرِكٖينَ اَنْ يُنَزَّلَ عَلَيْكُمْ مِنْ خَيْرٍ مِنْ رَبِّكُمْؕ وَاللّٰهُ يَخْتَصُّ بِرَحْمَتِهٖ مَنْ يَشَٓاءُؕ وَاللّٰهُ ذُو الْفَضْلِ الْعَظٖيمِ
                                                    ﴿١٠٥﴾"
https://kuran.diyanet.gov.tr/tefsir/Bakara-suresi/113/106-ayet-tefsiri,"مَا نَنْسَخْ مِنْ اٰيَةٍ اَوْ نُنْسِهَا نَأْتِ بِخَيْرٍ مِنْهَٓا اَوْ مِثْلِهَاؕ اَلَمْ تَعْلَمْ اَنَّ اللّٰهَ عَلٰى كُلِّ شَيْءٍ قَدٖيرٌ
                                                    ﴿١٠٦﴾"
https://kuran.diyanet.gov.tr/tefsir/Bakara-suresi/114/107-ayet-tefsiri,"اَلَمْ تَعْلَمْ اَنَّ اللّٰهَ لَهُ مُلْكُ السَّمٰوَاتِ وَالْاَرْضِؕ وَمَا لَكُمْ مِنْ دُونِ اللّٰهِ مِنْ وَلِيٍّ وَلَا نَصٖيرٍ
                                                    ﴿١٠٧﴾"
https://kuran.diyanet.gov.tr/tefsir/Bakara-suresi/115/108-ayet-tefsiri,"اَمْ تُرٖيدُونَ اَنْ تَسْـَٔلُوا رَسُولَكُمْ كَمَا سُئِلَ مُوسٰى مِنْ قَبْلُؕ وَمَنْ يَتَبَدَّلِ الْكُفْرَ بِالْاٖيمَانِ فَقَدْ ضَلَّ سَوَٓاءَ السَّبٖيلِ
                                                    ﴿١٠٨﴾"
https://kuran.diyanet.gov.tr/tefsir/Bakara-suresi/116/109-ayet-tefsiri,"وَدَّ كَثٖيرٌ مِنْ اَهْلِ الْكِتَابِ لَوْ يَرُدُّونَكُمْ مِنْ بَعْدِ اٖيمَانِكُمْ كُفَّاراًۚ حَسَداً مِنْ عِنْدِ اَنْفُسِهِمْ مِنْ بَعْدِ مَا تَبَيَّنَ لَهُمُ الْحَقُّۚ فَاعْفُوا وَاصْفَحُوا حَتّٰى يَأْتِيَ اللّٰهُ بِاَمْرِهٖؕ اِنَّ اللّٰهَ عَلٰى كُلِّ شَيْءٍ قَدٖيرٌ
                                                    ﴿١٠٩﴾"
https://kuran.diyanet.gov.tr/tefsir/Bakara-suresi/117/110-ayet-tefsiri,"وَاَقٖيمُوا الصَّلٰوةَ وَاٰتُوا الزَّكٰوةَؕ وَمَا تُقَدِّمُوا لِاَنْفُسِكُمْ مِنْ خَيْرٍ تَجِدُوهُ عِنْدَ اللّٰهِؕ اِنَّ اللّٰهَ بِمَا تَعْمَلُونَ بَصٖيرٌ
                                                    ﴿١١٠﴾"
https://kuran.diyanet.gov.tr/tefsir/Bakara-suresi/118/111-ayet-tefsiri,"وَقَالُوا لَنْ يَدْخُلَ الْجَنَّةَ اِلَّا مَنْ كَانَ هُوداً اَوْ نَصَارٰىؕ تِلْكَ اَمَانِيُّهُمْؕ قُلْ هَاتُوا بُرْهَانَكُمْ اِنْ كُنْتُمْ صَادِقٖينَ
                                                    ﴿١١١﴾"
https://kuran.diyanet.gov.tr/tefsir/Bakara-suresi/119/112-ayet-tefsiri,"بَلٰى مَنْ اَسْلَمَ وَجْهَهُ لِلّٰهِ وَهُوَ مُحْسِنٌ فَلَهُٓ اَجْرُهُ عِنْدَ رَبِّهٖࣕ وَلَا خَوْفٌ عَلَيْهِمْ وَلَا هُمْ يَحْزَنُونَࣖ
                                                    ﴿١١٢﴾"
https://kuran.diyanet.gov.tr/tefsir/Bakara-suresi/120/113-ayet-tefsiri,"وَقَالَتِ الْيَهُودُ لَيْسَتِ النَّصَارٰى عَلٰى شَيْءٍࣕ وَقَالَتِ النَّصَارٰى لَيْسَتِ الْيَهُودُ عَلٰى شَيْءٍۙ وَهُمْ يَتْلُونَ الْكِتَابَؕ كَذٰلِكَ قَالَ الَّذٖينَ لَا يَعْلَمُونَ مِثْلَ قَوْلِهِمْۚ فَاللّٰهُ يَحْكُمُ بَيْنَهُمْ يَوْمَ الْقِيٰمَةِ فٖيمَا كَانُوا فٖيهِ يَخْتَلِفُونَ
                                                    ﴿١١٣﴾"
https://kuran.diyanet.gov.tr/tefsir/Bakara-suresi/121/114-ayet-tefsiri,"وَمَنْ اَظْلَمُ مِمَّنْ مَنَعَ مَسَاجِدَ اللّٰهِ اَنْ يُذْكَرَ فٖيهَا اسْمُهُ وَسَعٰى فٖي خَرَابِهَاؕ اُو۬لٰٓئِكَ مَا كَانَ لَهُمْ اَنْ يَدْخُلُوهَٓا اِلَّا خَٓائِفٖينَؕ لَهُمْ فِي الدُّنْيَا خِزْيٌ وَلَهُمْ فِي الْاٰخِرَةِ عَذَابٌ عَظٖيمٌ
                                                    ﴿١١٤﴾"
https://kuran.diyanet.gov.tr/tefsir/Bakara-suresi/122/115-ayet-tefsiri,"وَلِلّٰهِ الْمَشْرِقُ وَالْمَغْرِبُ فَاَيْنَمَا تُوَلُّوا فَثَمَّ وَجْهُ اللّٰهِؕ اِنَّ اللّٰهَ وَاسِعٌ عَلٖيمٌ
                                                    ﴿١١٥﴾"
https://kuran.diyanet.gov.tr/tefsir/Bakara-suresi/123/116-ayet-tefsiri,"وَقَالُوا اتَّخَذَ اللّٰهُ وَلَداًۙ سُبْحَانَهُؕ بَلْ لَهُ مَا فِي السَّمٰوَاتِ وَالْاَرْضِؕ كُلٌّ لَهُ قَانِتُونَ
                                                    ﴿١١٦﴾"
https://kuran.diyanet.gov.tr/tefsir/Bakara-suresi/124/117-ayet-tefsiri,"بَدٖيعُ السَّمٰوَاتِ وَالْاَرْضِؕ وَاِذَا قَضٰٓى اَمْراً فَاِنَّمَا يَقُولُ لَهُ كُنْ فَيَكُونُ
                                                    ﴿١١٧﴾"
https://kuran.diyanet.gov.tr/tefsir/Bakara-suresi/125/118-ayet-tefsiri,"وَقَالَ الَّذٖينَ لَا يَعْلَمُونَ لَوْلَا يُكَلِّمُنَا اللّٰهُ اَوْ تَأْتٖينَٓا اٰيَةٌؕ كَذٰلِكَ قَالَ الَّذٖينَ مِنْ قَبْلِهِمْ مِثْلَ قَوْلِهِمْؕ تَشَابَهَتْ قُلُوبُهُمْؕ قَدْ بَيَّنَّا الْاٰيَاتِ لِقَوْمٍ يُوقِنُونَ
                                                    ﴿١١٨﴾"
https://kuran.diyanet.gov.tr/tefsir/Bakara-suresi/126/119-ayet-tefsiri,"اِنَّٓا اَرْسَلْنَاكَ بِالْحَقِّ بَشٖيراً وَنَذٖيراًۙ وَلَا تُسْـَٔلُ عَنْ اَصْحَابِ الْجَحٖيمِ
                                                    ﴿١١٩﴾"
https://kuran.diyanet.gov.tr/tefsir/Bakara-suresi/127/120-ayet-tefsiri,"وَلَنْ تَرْضٰى عَنْكَ الْيَهُودُ وَلَا النَّصَارٰى حَتّٰى تَتَّبِعَ مِلَّتَهُمْؕ قُلْ اِنَّ هُدَى اللّٰهِ هُوَ الْهُدٰىؕ وَلَئِنِ اتَّبَعْتَ اَهْوَٓاءَهُمْ بَعْدَ الَّذٖي جَٓاءَكَ مِنَ الْعِلْمِۙ مَا لَكَ مِنَ اللّٰهِ مِنْ وَلِيٍّ وَلَا نَصٖيرٍ
                                                    ﴿١٢٠﴾"
https://kuran.diyanet.gov.tr/tefsir/Bakara-suresi/128/121-ayet-tefsiri,"اَلَّذٖينَ اٰتَيْنَاهُمُ الْكِتَابَ يَتْلُونَهُ حَقَّ تِلَاوَتِهٖؕ اُو۬لٰٓئِكَ يُؤْمِنُونَ بِهٖؕ وَمَنْ يَكْفُرْ بِهٖ فَاُو۬لٰٓئِكَ هُمُ الْخَاسِرُونَࣖ
                                                    ﴿١٢١﴾"
https://kuran.diyanet.gov.tr/tefsir/Bakara-suresi/129/122-123-ayet-tefsiri,"يَا بَنٖٓي اِسْرَٓائٖلَ اذْكُرُوا نِعْمَتِيَ الَّتٖٓي اَنْعَمْتُ عَلَيْكُمْ وَاَنّٖي فَضَّلْتُكُمْ عَلَى الْعَالَمٖينَ
                                                    ﴿١٢٢﴾"
https://kuran.diyanet.gov.tr/tefsir/Bakara-suresi/129/122-123-ayet-tefsiri,"وَاتَّقُوا يَوْماً لَا تَجْزٖي نَفْسٌ عَنْ نَفْسٍ شَيْـٔاً وَلَا يُقْبَلُ مِنْهَا عَدْلٌ وَلَا تَنْفَعُهَا شَفَاعَةٌ وَلَا هُمْ يُنْصَرُونَ
                                                    ﴿١٢٣﴾"
https://kuran.diyanet.gov.tr/tefsir/Bakara-suresi/131/124-ayet-tefsiri,"وَاِذِ ابْتَلٰٓى اِبْرٰهٖيمَ رَبُّهُ بِكَلِمَاتٍ فَاَتَمَّهُنَّؕ قَالَ اِنّٖي جَاعِلُكَ لِلنَّاسِ اِمَاماًؕ قَالَ وَمِنْ ذُرِّيَّتٖيؕ قَالَ لَا يَنَالُ عَهْدِي الظَّالِمٖينَ
                                                    ﴿١٢٤﴾"
https://kuran.diyanet.gov.tr/tefsir/Bakara-suresi/132/125-ayet-tefsiri,"وَاِذْ جَعَلْنَا الْبَيْتَ مَثَابَةً لِلنَّاسِ وَاَمْناًؕ وَاتَّخِذُوا مِنْ مَقَامِ اِبْرٰهٖيمَ مُصَلًّىؕ وَعَهِدْنَٓا اِلٰٓى اِبْرٰهٖيمَ وَاِسْمٰعٖيلَ اَنْ طَهِّرَا بَيْتِيَ لِلطَّٓائِفٖينَ وَالْعَاكِفٖينَ وَالرُّكَّعِ السُّجُودِ
                                                    ﴿١٢٥﴾"
https://kuran.diyanet.gov.tr/tefsir/Bakara-suresi/133/126-ayet-tefsiri,"وَاِذْ قَالَ اِبْرٰهٖيمُ رَبِّ اجْعَلْ هٰذَا بَلَداً اٰمِناً وَارْزُقْ اَهْلَهُ مِنَ الثَّمَرَاتِ مَنْ اٰمَنَ مِنْهُمْ بِاللّٰهِ وَالْيَوْمِ الْاٰخِرِؕ قَالَ وَمَنْ كَفَرَ فَاُمَتِّعُهُ قَلٖيلاً ثُمَّ اَضْطَرُّهُٓ اِلٰى عَذَابِ النَّارِؕ وَبِئْسَ الْمَصٖيرُ
                                                    ﴿١٢٦﴾"
https://kuran.diyanet.gov.tr/tefsir/Bakara-suresi/134/127-129-ayet-tefsiri,"وَاِذْ يَرْفَعُ اِبْرٰهٖيمُ الْقَوَاعِدَ مِنَ الْبَيْتِ وَاِسْمٰعٖيلُؕ رَبَّنَا تَقَبَّلْ مِنَّاؕ اِنَّكَ اَنْتَ السَّمٖيعُ الْعَلٖيمُ
                                                    ﴿١٢٧﴾"
https://kuran.diyanet.gov.tr/tefsir/Bakara-suresi/134/127-129-ayet-tefsiri,"رَبَّنَا وَاجْعَلْنَا مُسْلِمَيْنِ لَكَ وَمِنْ ذُرِّيَّتِنَٓا اُمَّةً مُسْلِمَةً لَكَࣕ وَاَرِنَا مَنَاسِكَنَا وَتُبْ عَلَيْنَاۚ اِنَّكَ اَنْتَ التَّوَّابُ الرَّحٖيمُ
                                                    ﴿١٢٨﴾"
https://kuran.diyanet.gov.tr/tefsir/Bakara-suresi/134/127-129-ayet-tefsiri,"رَبَّنَا وَابْعَثْ فٖيهِمْ رَسُولاً مِنْهُمْ يَتْلُوا عَلَيْهِمْ اٰيَاتِكَ وَيُعَلِّمُهُمُ الْكِتَابَ وَالْحِكْمَةَ وَيُزَكّٖيهِمْؕ اِنَّكَ اَنْتَ الْعَزٖيزُ الْحَكٖيمُࣖ
                                                    ﴿١٢٩﴾"
https://kuran.diyanet.gov.tr/tefsir/Bakara-suresi/137/130-132-ayet-tefsiri,"وَمَنْ يَرْغَبُ عَنْ مِلَّةِ اِبْرٰهٖيمَ اِلَّا مَنْ سَفِهَ نَفْسَهُؕ وَلَقَدِ اصْطَفَيْنَاهُ فِي الدُّنْيَاۚ وَاِنَّهُ فِي الْاٰخِرَةِ لَمِنَ الصَّالِحٖينَ
                                                    ﴿١٣٠﴾"
https://kuran.diyanet.gov.tr/tefsir/Bakara-suresi/137/130-132-ayet-tefsiri,"اِذْ قَالَ لَهُ رَبُّهُٓ اَسْلِمْۙ قَالَ اَسْلَمْتُ لِرَبِّ الْعَالَمٖينَ
                                                    ﴿١٣١﴾"
https://kuran.diyanet.gov.tr/tefsir/Bakara-suresi/137/130-132-ayet-tefsiri,"وَوَصّٰى بِهَٓا اِبْرٰهٖيمُ بَنٖيهِ وَيَعْقُوبُؕ يَا بَنِيَّ اِنَّ اللّٰهَ اصْطَفٰى لَكُمُ الدّٖينَ فَلَا تَمُوتُنَّ اِلَّا وَاَنْتُمْ مُسْلِمُونَؕ
                                                    ﴿١٣٢﴾"
https://kuran.diyanet.gov.tr/tefsir/Bakara-suresi/140/133-ayet-tefsiri,"اَمْ كُنْتُمْ شُهَدَٓاءَ اِذْ حَضَرَ يَعْقُوبَ الْمَوْتُۙ اِذْ قَالَ لِبَنٖيهِ مَا تَعْبُدُونَ مِنْ بَعْدٖيؕ قَالُوا نَعْبُدُ اِلٰهَكَ وَاِلٰهَ اٰبَٓائِكَ اِبْرٰهٖيمَ وَاِسْمٰعٖيلَ وَاِسْحٰقَ اِلٰهاً وَاحِداًۚ وَنَحْنُ لَهُ مُسْلِمُونَ
                                                    ﴿١٣٣﴾"
https://kuran.diyanet.gov.tr/tefsir/Bakara-suresi/141/134-ayet-tefsiri,"تِلْكَ اُمَّةٌ قَدْ خَلَتْۚ لَهَا مَا كَسَبَتْ وَلَكُمْ مَا كَسَبْتُمْۚ وَلَا تُسْـَٔلُونَ عَمَّا كَانُوا يَعْمَلُونَ
                                                    ﴿١٣٤﴾"
https://kuran.diyanet.gov.tr/tefsir/Bakara-suresi/142/135-ayet-tefsiri,"وَقَالُوا كُونُوا هُوداً اَوْ نَصَارٰى تَهْتَدُواؕ قُلْ بَلْ مِلَّةَ اِبْرٰهٖيمَ حَنٖيفاًؕ وَمَا كَانَ مِنَ الْمُشْرِكٖينَ
                                                    ﴿١٣٥﴾"
https://kuran.diyanet.gov.tr/tefsir/Bakara-suresi/143/136-ayet-tefsiri,"قُولُٓوا اٰمَنَّا بِاللّٰهِ وَمَٓا اُنْزِلَ اِلَيْنَا وَمَٓا اُنْزِلَ اِلٰٓى اِبْرٰهٖيمَ وَاِسْمٰعٖيلَ وَاِسْحٰقَ وَيَعْقُوبَ وَالْاَسْبَاطِ وَمَٓا اُو۫تِيَ مُوسٰى وَعٖيسٰى وَمَٓا اُو۫تِيَ النَّبِيُّونَ مِنْ رَبِّهِمْۚ لَا نُفَرِّقُ بَيْنَ اَحَدٍ مِنْهُمْؗ وَنَحْنُ لَهُ مُسْلِمُونَ
                                                    ﴿١٣٦﴾"
https://kuran.diyanet.gov.tr/tefsir/Bakara-suresi/144/137-ayet-tefsiri,"فَاِنْ اٰمَنُوا بِمِثْلِ مَٓا اٰمَنْتُمْ بِهٖ فَقَدِ اهْتَدَوْاۚ وَاِنْ تَوَلَّوْا فَاِنَّمَا هُمْ فٖي شِقَاقٍۚ فَسَيَكْفٖيكَهُمُ اللّٰهُۚ وَهُوَ السَّمٖيعُ الْعَلٖيمُؕ
                                                    ﴿١٣٧﴾"
https://kuran.diyanet.gov.tr/tefsir/Bakara-suresi/145/138-ayet-tefsiri,"صِبْغَةَ اللّٰهِۚ وَمَنْ اَحْسَنُ مِنَ اللّٰهِ صِبْغَةًؗ وَنَحْنُ لَهُ عَابِدُونَ
                                                    ﴿١٣٨﴾"
https://kuran.diyanet.gov.tr/tefsir/Bakara-suresi/146/139-ayet-tefsiri,"قُلْ اَتُحَٓاجُّونَنَا فِي اللّٰهِ وَهُوَ رَبُّنَا وَرَبُّكُمْۚ وَلَـنَٓا اَعْمَالُنَا وَلَكُمْ اَعْمَالُكُمْۚ وَنَحْنُ لَهُ مُخْلِصُونَۙ
                                                    ﴿١٣٩﴾"
https://kuran.diyanet.gov.tr/tefsir/Bakara-suresi/147/140-ayet-tefsiri,"اَمْ تَقُولُونَ اِنَّ اِبْرٰهٖيمَ وَاِسْمٰعٖيلَ وَاِسْحٰقَ وَيَعْقُوبَ وَالْاَسْبَاطَ كَانُوا هُوداً اَوْ نَصَارٰىؕ قُلْ ءَاَنْتُمْ اَعْلَمُ اَمِ اللّٰهُؕ وَمَنْ اَظْلَمُ مِمَّنْ كَتَمَ شَهَادَةً عِنْدَهُ مِنَ اللّٰهِؕ وَمَا اللّٰهُ بِغَافِلٍ عَمَّا تَعْمَلُونَ
                                                    ﴿١٤٠﴾"
https://kuran.diyanet.gov.tr/tefsir/Bakara-suresi/148/141-ayet-tefsiri,"تِلْكَ اُمَّةٌ قَدْ خَلَتْۚ لَهَا مَا كَسَبَتْ وَلَكُمْ مَا كَسَبْتُمْۚ وَلَا تُسْـَٔلُونَ عَمَّا كَانُوا يَعْمَلُونَࣖ
                                                    ﴿١٤١﴾"
https://kuran.diyanet.gov.tr/tefsir/Bakara-suresi/149/142-ayet-tefsiri,"سَيَقُولُ السُّفَـهَٓاءُ مِنَ النَّاسِ مَا وَلّٰيهُمْ عَنْ قِبْلَتِهِمُ الَّتٖي كَانُوا عَلَيْهَاؕ قُلْ لِلّٰهِ الْمَشْرِقُ وَالْمَغْرِبُؕ يَهْدٖي مَنْ يَشَٓاءُ اِلٰى صِرَاطٍ مُسْتَقٖيمٍ
                                                    ﴿١٤٢﴾"
https://kuran.diyanet.gov.tr/tefsir/Bakara-suresi/150/143-ayet-tefsiri,"وَكَذٰلِكَ جَعَلْنَاكُمْ اُمَّةً وَسَطاً لِتَكُونُوا شُهَدَٓاءَ عَلَى النَّاسِ وَيَكُونَ الرَّسُولُ عَلَيْكُمْ شَهٖيداًؕ وَمَا جَعَلْنَا الْقِبْلَةَ الَّتٖي كُنْتَ عَلَيْهَٓا اِلَّا لِنَعْلَمَ مَنْ يَتَّبِـعُ الرَّسُولَ مِمَّنْ يَنْقَلِبُ عَلٰى عَقِبَيْهِؕ وَاِنْ كَانَتْ لَكَبٖيرَةً اِلَّا عَلَى الَّذٖينَ هَدَى اللّٰهُؕ وَمَا كَانَ اللّٰهُ لِيُضٖيعَ اٖيمَانَكُمْؕ اِنَّ اللّٰهَ بِالنَّاسِ لَرَؤُ۫فٌ رَحٖيمٌ
                                                    ﴿١٤٣﴾"
https://kuran.diyanet.gov.tr/tefsir/Bakara-suresi/151/144-ayet-tefsiri,"قَدْ نَرٰى تَقَلُّبَ وَجْهِكَ فِي السَّمَٓاءِۚ فَلَنُوَلِّيَنَّكَ قِبْلَةً تَرْضٰيهَاࣕ فَوَلِّ وَجْهَكَ شَطْرَ الْمَسْجِدِ الْحَرَامِؕ وَحَيْثُ مَا كُنْتُمْ فَوَلُّوا وُجُوهَكُمْ شَطْرَهُؕ وَاِنَّ الَّذٖينَ اُو۫تُوا الْكِتَابَ لَيَعْلَمُونَ اَنَّهُ الْحَقُّ مِنْ رَبِّهِمْؕ وَمَا اللّٰهُ بِغَافِلٍ عَمَّا يَعْمَلُونَ
                                                    ﴿١٤٤﴾"
https://kuran.diyanet.gov.tr/tefsir/Bakara-suresi/152/145-ayet-tefsiri,"وَلَئِنْ اَتَيْتَ الَّذٖينَ اُو۫تُوا الْكِتَابَ بِكُلِّ اٰيَةٍ مَا تَبِعُوا قِبْلَتَكَۚ وَمَٓا اَنْتَ بِتَابِـعٍ قِبْلَتَهُمْۚ وَمَا بَعْضُهُمْ بِتَابِـعٍ قِبْلَةَ بَعْضٍؕ وَلَئِنِ اتَّبَعْتَ اَهْوَٓاءَهُمْ مِنْ بَعْدِ مَا جَٓاءَكَ مِنَ الْعِلْمِۙ اِنَّكَ اِذاً لَمِنَ الظَّالِمٖينَۘ
                                                    ﴿١٤٥﴾"
https://kuran.diyanet.gov.tr/tefsir/Bakara-suresi/153/146-147-ayet-tefsiri,"اَلَّذٖينَ اٰتَيْنَاهُمُ الْكِتَابَ يَعْرِفُونَهُ كَمَا يَعْرِفُونَ اَبْنَٓاءَهُمْؕ وَاِنَّ فَرٖيقاً مِنْهُمْ لَيَكْتُمُونَ الْحَقَّ وَهُمْ يَعْلَمُونَ
                                                    ﴿١٤٦﴾"
https://kuran.diyanet.gov.tr/tefsir/Bakara-suresi/153/146-147-ayet-tefsiri,"اَلْحَقُّ مِنْ رَبِّكَ فَلَا تَكُونَنَّ مِنَ الْمُمْتَرٖينَࣖ
                                                    ﴿١٤٧﴾"
https://kuran.diyanet.gov.tr/tefsir/Bakara-suresi/155/148-ayet-tefsiri,"وَلِكُلٍّ وِجْهَةٌ هُوَ مُوَلّٖيهَا فَاسْتَبِقُوا الْخَيْرَاتِؕ اَيْنَ مَا تَكُونُوا يَأْتِ بِكُمُ اللّٰهُ جَمٖيعاًؕ اِنَّ اللّٰهَ عَلٰى كُلِّ شَيْءٍ قَدٖيرٌ
                                                    ﴿١٤٨﴾"
https://kuran.diyanet.gov.tr/tefsir/Bakara-suresi/156/149-150-ayet-tefsiri,"وَمِنْ حَيْثُ خَرَجْتَ فَوَلِّ وَجْهَكَ شَطْرَ الْمَسْجِدِ الْحَرَامِؕ وَاِنَّهُ لَلْحَقُّ مِنْ رَبِّكَؕ وَمَا اللّٰهُ بِغَافِلٍ عَمَّا تَعْمَلُونَ
                                                    ﴿١٤٩﴾"
https://kuran.diyanet.gov.tr/tefsir/Bakara-suresi/156/149-150-ayet-tefsiri,"وَمِنْ حَيْثُ خَرَجْتَ فَوَلِّ وَجْهَكَ شَطْرَ الْمَسْجِدِ الْحَرَامِؕ وَحَيْثُ مَا كُنْتُمْ فَوَلُّوا وُجُوهَكُمْ شَطْرَهُۙ لِئَلَّا يَكُونَ لِلنَّاسِ عَلَيْكُمْ حُجَّةٌࣗ اِلَّا الَّذٖينَ ظَلَمُوا مِنْهُمْ فَلَا تَخْشَوْهُمْ وَاخْشَوْنٖي وَلِاُتِمَّ نِعْمَتٖي عَلَيْكُمْ وَلَعَلَّكُمْ تَهْتَدُونَۙ
                                                    ﴿١٥٠﴾"
https://kuran.diyanet.gov.tr/tefsir/Bakara-suresi/158/151-ayet-tefsiri,"كَمَٓا اَرْسَلْنَا فٖيكُمْ رَسُولاً مِنْكُمْ يَتْلُوا عَلَيْكُمْ اٰيَاتِنَا وَيُزَكّٖيكُمْ وَيُعَلِّمُكُمُ الْكِتَابَ وَالْحِكْمَةَ وَيُعَلِّمُكُمْ مَا لَمْ تَكُونُوا تَعْلَمُونَؕ
                                                    ﴿١٥١﴾"
https://kuran.diyanet.gov.tr/tefsir/Bakara-suresi/159/152-ayet-tefsiri,"فَاذْكُرُونٖٓي اَذْكُرْكُمْ وَاشْكُرُوا لٖي وَلَا تَكْفُرُونِࣖ
                                                    ﴿١٥٢﴾"
https://kuran.diyanet.gov.tr/tefsir/Bakara-suresi/160/153-ayet-tefsiri,"يَٓا اَيُّهَا الَّذٖينَ اٰمَنُوا اسْتَعٖينُوا بِالصَّبْرِ وَالصَّلٰوةِؕ اِنَّ اللّٰهَ مَعَ الصَّابِرٖينَ
                                                    ﴿١٥٣﴾"
https://kuran.diyanet.gov.tr/tefsir/Bakara-suresi/161/154-ayet-tefsiri,"وَلَا تَقُولُوا لِمَنْ يُقْتَلُ فٖي سَبٖيلِ اللّٰهِ اَمْوَاتٌؕ بَلْ اَحْيَٓاءٌ وَلٰكِنْ لَا تَشْعُرُونَ
                                                    ﴿١٥٤﴾"
https://kuran.diyanet.gov.tr/tefsir/Bakara-suresi/162/155-157-ayet-tefsiri,"وَلَنَبْلُوَنَّكُمْ بِشَيْءٍ مِنَ الْخَوْفِ وَالْجُوعِ وَنَقْصٍ مِنَ الْاَمْوَالِ وَالْاَنْفُسِ وَالثَّمَرَاتِؕ وَبَشِّرِ الصَّابِرٖينَۙ
                                                    ﴿١٥٥﴾"
https://kuran.diyanet.gov.tr/tefsir/Bakara-suresi/162/155-157-ayet-tefsiri,"اَلَّذٖينَ اِذَٓا اَصَابَتْهُمْ مُصٖيبَةٌۙ قَالُٓوا اِنَّا لِلّٰهِ وَاِنَّٓا اِلَيْهِ رَاجِعُونَؕ
                                                    ﴿١٥٦﴾"
https://kuran.diyanet.gov.tr/tefsir/Bakara-suresi/162/155-157-ayet-tefsiri,"اُو۬لٰٓئِكَ عَلَيْهِمْ صَلَوَاتٌ مِنْ رَبِّهِمْ وَرَحْمَةٌ وَاُو۬لٰٓئِكَ هُمُ الْمُهْتَدُونَ
                                                    ﴿١٥٧﴾"
https://kuran.diyanet.gov.tr/tefsir/Bakara-suresi/165/158-ayet-tefsiri,"اِنَّ الصَّفَا وَالْمَرْوَةَ مِنْ شَعَٓائِرِ اللّٰهِۚ فَمَنْ حَجَّ الْبَيْتَ اَوِ اعْتَمَرَ فَلَا جُنَاحَ عَلَيْهِ اَنْ يَطَّوَّفَ بِهِمَاؕ وَمَنْ تَطَوَّعَ خَيْراًۙ فَاِنَّ اللّٰهَ شَاكِرٌ عَلٖيمٌ
                                                    ﴿١٥٨﴾"
https://kuran.diyanet.gov.tr/tefsir/Bakara-suresi/166/159-ayet-tefsiri,"اِنَّ الَّذٖينَ يَكْتُمُونَ مَٓا اَنْزَلْنَا مِنَ الْبَيِّنَاتِ وَالْهُدٰى مِنْ بَعْدِ مَا بَيَّنَّاهُ لِلنَّاسِ فِي الْكِتَابِۙ اُو۬لٰٓئِكَ يَلْعَنُهُمُ اللّٰهُ وَيَلْعَنُهُمُ اللَّاعِنُونَۙ
                                                    ﴿١٥٩﴾"
https://kuran.diyanet.gov.tr/tefsir/Bakara-suresi/167/160-162-ayet-tefsiri,"اِلَّا الَّذٖينَ تَابُوا وَاَصْلَحُوا وَبَيَّنُوا فَاُو۬لٰٓئِكَ اَتُوبُ عَلَيْهِمْۚ وَاَنَا التَّوَّابُ الرَّحٖيمُ
                                                    ﴿١٦٠﴾"
https://kuran.diyanet.gov.tr/tefsir/Bakara-suresi/167/160-162-ayet-tefsiri,"اِنَّ الَّذٖينَ كَفَرُوا وَمَاتُوا وَهُمْ كُفَّارٌ اُو۬لٰٓئِكَ عَلَيْهِمْ لَعْنَةُ اللّٰهِ وَالْمَلٰٓئِكَةِ وَالنَّاسِ اَجْمَعٖينَۙ
                                                    ﴿١٦١﴾"
https://kuran.diyanet.gov.tr/tefsir/Bakara-suresi/167/160-162-ayet-tefsiri,"خَالِدٖينَ فٖيهَاۚ لَا يُخَفَّفُ عَنْهُمُ الْعَذَابُ وَلَا هُمْ يُنْظَرُونَ
                                                    ﴿١٦٢﴾"
https://kuran.diyanet.gov.tr/tefsir/Bakara-suresi/170/163-ayet-tefsiri,"وَاِلٰهُكُمْ اِلٰهٌ وَاحِدٌۚ لَٓا اِلٰهَ اِلَّا هُوَ الرَّحْمٰنُ الرَّحٖيمُࣖ
                                                    ﴿١٦٣﴾"
https://kuran.diyanet.gov.tr/tefsir/Bakara-suresi/171/164-ayet-tefsiri,"اِنَّ فٖي خَلْقِ السَّمٰوَاتِ وَالْاَرْضِ وَاخْتِلَافِ الَّيْلِ وَالنَّهَارِ وَالْفُلْكِ الَّتٖي تَجْرٖي فِي الْبَحْرِ بِمَا يَنْفَعُ النَّاسَ وَمَٓا اَنْزَلَ اللّٰهُ مِنَ السَّمَٓاءِ مِنْ مَٓاءٍ فَاَحْيَا بِهِ الْاَرْضَ بَعْدَ مَوْتِهَا وَبَثَّ فٖيهَا مِنْ كُلِّ دَٓابَّةٍࣕ وَتَصْرٖيفِ الرِّيَاحِ وَالسَّحَابِ الْمُسَخَّرِ بَيْنَ السَّمَٓاءِ وَالْاَرْضِ لَاٰيَاتٍ لِقَوْمٍ يَعْقِلُونَ
                                                    ﴿١٦٤﴾"
https://kuran.diyanet.gov.tr/tefsir/Bakara-suresi/172/165-167-ayet-tefsiri,"وَمِنَ النَّاسِ مَنْ يَتَّخِذُ مِنْ دُونِ اللّٰهِ اَنْدَاداً يُحِبُّونَهُمْ كَحُبِّ اللّٰهِؕ وَالَّذٖينَ اٰمَنُٓوا اَشَدُّ حُباًّ لِلّٰهِؕ وَلَوْ يَرَى الَّذٖينَ ظَلَمُٓوا اِذْ يَرَوْنَ الْعَذَابَۙ اَنَّ الْقُوَّةَ لِلّٰهِ جَمٖيعاًۙ وَاَنَّ اللّٰهَ شَدٖيدُ الْعَذَابِ
                                                    ﴿١٦٥﴾"
https://kuran.diyanet.gov.tr/tefsir/Bakara-suresi/172/165-167-ayet-tefsiri,"اِذْ تَبَرَّاَ الَّذٖينَ اتُّبِعُوا مِنَ الَّذٖينَ اتَّبَعُوا وَرَاَوُا الْعَذَابَ وَتَقَطَّعَتْ بِهِمُ الْاَسْبَابُ
                                                    ﴿١٦٦﴾"
https://kuran.diyanet.gov.tr/tefsir/Bakara-suresi/172/165-167-ayet-tefsiri,"وَقَالَ الَّذٖينَ اتَّبَعُوا لَوْ اَنَّ لَنَا كَرَّةً فَنَتَبَرَّاَ مِنْهُمْ كَمَا تَبَرَّؤُ۫ا مِنَّاؕ كَذٰلِكَ يُرٖيهِمُ اللّٰهُ اَعْمَالَهُمْ حَسَرَاتٍ عَلَيْهِمْؕ وَمَا هُمْ بِخَارِجٖينَ مِنَ النَّارِࣖ
                                                    ﴿١٦٧﴾"
https://kuran.diyanet.gov.tr/tefsir/Bakara-suresi/175/168-169-ayet-tefsiri,"يَٓا اَيُّهَا النَّاسُ كُلُوا مِمَّا فِي الْاَرْضِ حَـلَالاً طَـيِّباًؗ وَلَا تَتَّبِعُوا خُطُوَاتِ الشَّيْطَانِؕ اِنَّهُ لَكُمْ عَدُوٌّ مُبٖينٌ
                                                    ﴿١٦٨﴾"
https://kuran.diyanet.gov.tr/tefsir/Bakara-suresi/175/168-169-ayet-tefsiri,"اِنَّمَا يَأْمُرُكُمْ بِالسُّٓوءِ وَالْفَحْشَٓاءِ وَاَنْ تَقُولُوا عَلَى اللّٰهِ مَا لَا تَعْلَمُونَ
                                                    ﴿١٦٩﴾"
https://kuran.diyanet.gov.tr/tefsir/Bakara-suresi/177/170-ayet-tefsiri,"وَاِذَا قٖيلَ لَهُمُ اتَّبِعُوا مَٓا اَنْزَلَ اللّٰهُ قَالُوا بَلْ نَـتَّبِـعُ مَٓا اَلْفَيْنَا عَلَيْهِ اٰبَٓاءَنَاؕ اَوَلَوْ كَانَ اٰبَٓاؤُ۬هُمْ لَا يَعْقِلُونَ شَيْـٔاً وَلَا يَهْتَدُونَ
                                                    ﴿١٧٠﴾"
https://kuran.diyanet.gov.tr/tefsir/Bakara-suresi/178/171-ayet-tefsiri,"وَمَثَلُ الَّذٖينَ كَفَرُوا كَمَثَلِ الَّذٖي يَنْعِقُ بِمَا لَا يَسْمَعُ اِلَّا دُعَٓاءً وَنِدَٓاءًؕ صُمٌّ بُكْمٌ عُمْيٌ فَهُمْ لَا يَعْقِلُونَ
                                                    ﴿١٧١﴾"
https://kuran.diyanet.gov.tr/tefsir/Bakara-suresi/179/172-ayet-tefsiri,"يَٓا اَيُّهَا الَّذٖينَ اٰمَنُوا كُلُوا مِنْ طَيِّبَاتِ مَا رَزَقْنَاكُمْ وَاشْكُرُوا لِلّٰهِ اِنْ كُنْتُمْ اِيَّاهُ تَعْبُدُونَ
                                                    ﴿١٧٢﴾"
https://kuran.diyanet.gov.tr/tefsir/Bakara-suresi/180/173-ayet-tefsiri,"اِنَّمَا حَرَّمَ عَلَيْكُمُ الْمَيْتَةَ وَالدَّمَ وَلَحْمَ الْخِنْزٖيرِ وَمَٓا اُهِلَّ بِهٖ لِغَيْرِ اللّٰهِۚ فَمَنِ اضْطُرَّ غَيْرَ بَاغٍ وَلَا عَادٍ فَلَٓا اِثْمَ عَلَيْهِؕ اِنَّ اللّٰهَ غَفُورٌ رَحٖيمٌ
                                                    ﴿١٧٣﴾"
https://kuran.diyanet.gov.tr/tefsir/Bakara-suresi/181/174-175-ayet-tefsiri,"اِنَّ الَّذٖينَ يَكْتُمُونَ مَٓا اَنْزَلَ اللّٰهُ مِنَ الْكِتَابِ وَيَشْتَرُونَ بِهٖ ثَمَناً قَلٖيلاًۙ اُو۬لٰٓئِكَ مَا يَأْكُلُونَ فٖي بُطُونِهِمْ اِلَّا النَّارَ وَلَا يُكَلِّمُهُمُ اللّٰهُ يَوْمَ الْقِيٰمَةِ وَلَا يُزَكّٖيهِمْۚ وَلَهُمْ عَذَابٌ اَلٖيمٌ
                                                    ﴿١٧٤﴾"
https://kuran.diyanet.gov.tr/tefsir/Bakara-suresi/181/174-175-ayet-tefsiri,"اُو۬لٰٓئِكَ الَّذٖينَ اشْتَرَوُا الضَّلَالَةَ بِالْهُدٰى وَالْعَذَابَ بِالْمَغْفِرَةِۚ فَمَٓا اَصْبَرَهُمْ عَلَى النَّارِ
                                                    ﴿١٧٥﴾"
https://kuran.diyanet.gov.tr/tefsir/Bakara-suresi/183/176-ayet-tefsiri,"ذٰلِكَ بِاَنَّ اللّٰهَ نَزَّلَ الْكِتَابَ بِالْحَقِّؕ وَاِنَّ الَّذٖينَ اخْتَلَفُوا فِي الْكِتَابِ لَفٖي شِقَاقٍ بَعٖيدٍࣖ
                                                    ﴿١٧٦﴾"
https://kuran.diyanet.gov.tr/tefsir/Bakara-suresi/184/177-ayet-tefsiri,"لَيْسَ الْبِرَّ اَنْ تُوَلُّوا وُجُوهَكُمْ قِبَلَ الْمَشْرِقِ وَالْمَغْرِبِ وَلٰكِنَّ الْبِرَّ مَنْ اٰمَنَ بِاللّٰهِ وَالْيَوْمِ الْاٰخِرِ وَالْمَلٰٓئِكَةِ وَالْكِتَابِ وَالنَّبِيّٖنَۚ وَاٰتَى الْمَالَ عَلٰى حُبِّهٖ ذَوِي الْقُرْبٰى وَالْيَتَامٰى وَالْمَسَاكٖينَ وَابْنَ السَّبٖيلِ وَالسَّٓائِلٖينَ وَفِي الرِّقَابِۚ وَاَقَامَ الصَّلٰوةَ وَاٰتَى الزَّكٰوةَۚ وَالْمُوفُونَ بِعَهْدِهِمْ اِذَا عَاهَدُواۚ وَالصَّابِرٖينَ فِي الْبَأْسَٓاءِ وَالضَّرَّٓاءِ وَحٖينَ الْبَأْسِؕ اُو۬لٰٓئِكَ الَّذٖينَ صَدَقُواؕ وَاُو۬لٰٓئِكَ هُمُ الْمُتَّقُونَ
                                                    ﴿١٧٧﴾"
https://kuran.diyanet.gov.tr/tefsir/Bakara-suresi/185/178-ayet-tefsiri,"يَٓا اَيُّهَا الَّذٖينَ اٰمَنُوا كُتِبَ عَلَيْكُمُ الْقِصَاصُ فِي الْقَتْلٰىؕ اَلْحُرُّ بِالْحُرِّ وَالْعَبْدُ بِالْعَبْدِ وَالْاُنْثٰى بِالْاُنْثٰىؕ فَمَنْ عُفِيَ لَهُ مِنْ اَخٖيهِ شَيْءٌ فَاتِّبَاعٌ بِالْمَعْرُوفِ وَاَدَٓاءٌ اِلَيْهِ بِاِحْسَانٍؕ ذٰلِكَ تَخْفٖيفٌ مِنْ رَبِّكُمْ وَرَحْمَةٌؕ فَمَنِ اعْتَدٰى بَعْدَ ذٰلِكَ فَلَهُ عَذَابٌ اَلٖيمٌ
                                                    ﴿١٧٨﴾"
https://kuran.diyanet.gov.tr/tefsir/Bakara-suresi/186/179-ayet-tefsiri,"وَلَكُمْ فِي الْقِصَاصِ حَيٰوةٌ يَٓا اُو۬لِي الْاَلْبَابِ لَعَلَّكُمْ تَتَّقُونَ
                                                    ﴿١٧٩﴾"
https://kuran.diyanet.gov.tr/tefsir/Bakara-suresi/187/180-ayet-tefsiri,"كُتِبَ عَلَيْكُمْ اِذَا حَضَرَ اَحَدَكُمُ الْمَوْتُ اِنْ تَرَكَ خَيْراًۚ اَلْوَصِيَّةُ لِلْوَالِدَيْنِ وَالْاَقْرَبٖينَ بِالْمَعْرُوفِۚ حَقاًّ عَلَى الْمُتَّقٖينَؕ
                                                    ﴿١٨٠﴾"
https://kuran.diyanet.gov.tr/tefsir/Bakara-suresi/188/181-182-ayet-tefsiri,"فَمَنْ بَدَّلَهُ بَعْدَ مَا سَمِعَهُ فَاِنَّمَٓا اِثْمُهُ عَلَى الَّذٖينَ يُبَدِّلُونَهُؕ اِنَّ اللّٰهَ سَمٖيعٌ عَلٖيمٌؕ
                                                    ﴿١٨١﴾"
https://kuran.diyanet.gov.tr/tefsir/Bakara-suresi/188/181-182-ayet-tefsiri,"فَمَنْ خَافَ مِنْ مُوصٍ جَنَفاً اَوْ اِثْماً فَاَصْلَحَ بَيْنَهُمْ فَلَٓا اِثْمَ عَلَيْهِؕ اِنَّ اللّٰهَ غَفُورٌ رَحٖيمٌࣖ
                                                    ﴿١٨٢﴾"
https://kuran.diyanet.gov.tr/tefsir/Bakara-suresi/190/183-184-ayet-tefsiri,"يَٓا اَيُّهَا الَّذٖينَ اٰمَنُوا كُتِبَ عَلَيْكُمُ الصِّيَامُ كَمَا كُتِبَ عَلَى الَّذٖينَ مِنْ قَبْلِكُمْ لَعَلَّكُمْ تَتَّقُونَۙ
                                                    ﴿١٨٣﴾"
https://kuran.diyanet.gov.tr/tefsir/Bakara-suresi/190/183-184-ayet-tefsiri,"اَيَّاماً مَعْدُودَاتٍؕ فَمَنْ كَانَ مِنْكُمْ مَرٖيضاً اَوْ عَلٰى سَفَرٍ فَعِدَّةٌ مِنْ اَيَّامٍ اُخَرَؕ وَعَلَى الَّذٖينَ يُطٖيقُونَهُ فِدْيَةٌ طَعَامُ مِسْكٖينٍؕ فَمَنْ تَطَوَّعَ خَيْراً فَهُوَ خَيْرٌ لَهُؕ وَاَنْ تَصُومُوا خَيْرٌ لَكُمْ اِنْ كُنْتُمْ تَعْلَمُونَ
                                                    ﴿١٨٤﴾"
https://kuran.diyanet.gov.tr/tefsir/Bakara-suresi/192/185-ayet-tefsiri,"شَهْرُ رَمَضَانَ الَّذٖٓي اُنْزِلَ فٖيهِ الْقُرْاٰنُ هُدًى لِلنَّاسِ وَبَيِّنَاتٍ مِنَ الْهُدٰى وَالْفُرْقَانِۚ فَمَنْ شَهِدَ مِنْكُمُ الشَّهْرَ فَلْيَصُمْهُؕ وَمَنْ كَانَ مَرٖيضاً اَوْ عَلٰى سَفَرٍ فَعِدَّةٌ مِنْ اَيَّامٍ اُخَرَؕ يُرٖيدُ اللّٰهُ بِكُمُ الْيُسْرَ وَلَا يُرٖيدُ بِكُمُ الْعُسْرَؗ وَلِتُكْمِلُوا الْعِدَّةَ وَلِتُكَبِّرُوا اللّٰهَ عَلٰى مَا هَدٰيكُمْ وَلَعَلَّكُمْ تَشْكُرُونَ
                                                    ﴿١٨٥﴾"
https://kuran.diyanet.gov.tr/tefsir/Bakara-suresi/193/186-ayet-tefsiri,"وَاِذَا سَاَلَكَ عِبَادٖي عَنّٖي فَاِنّٖي قَرٖيبٌؕ اُجٖيبُ دَعْوَةَ الدَّاعِ اِذَا دَعَانِۙ فَلْيَسْتَجٖيبُوا لٖي وَلْيُؤْمِنُوا بٖي لَعَلَّهُمْ يَرْشُدُونَ
                                                    ﴿١٨٦﴾"
https://kuran.diyanet.gov.tr/tefsir/Bakara-suresi/194/187-ayet-tefsiri,"اُحِلَّ لَكُمْ لَيْلَةَ الصِّيَامِ الرَّفَثُ اِلٰى نِسَٓائِكُمْؕ هُنَّ لِبَاسٌ لَكُمْ وَاَنْتُمْ لِبَاسٌ لَهُنَّؕ عَلِمَ اللّٰهُ اَنَّكُمْ كُنْتُمْ تَخْتَانُونَ اَنْفُسَكُمْ فَتَابَ عَلَيْكُمْ وَعَفَا عَنْكُمْۚ فَالْـٰٔنَ بَاشِرُوهُنَّ وَابْتَغُوا مَا كَتَبَ اللّٰهُ لَكُمْࣕ وَكُلُوا وَاشْرَبُوا حَتّٰى يَتَبَيَّنَ لَكُمُ الْخَيْطُ الْاَبْيَضُ مِنَ الْخَيْطِ الْاَسْوَدِ مِنَ الْفَجْرِࣕ ثُمَّ اَتِمُّوا الصِّيَامَ اِلَى الَّيْلِۚ وَلَا تُبَاشِرُوهُنَّ وَاَنْتُمْ عَاكِفُونَۙ فِي الْمَسَاجِدِؕ تِلْكَ حُدُودُ اللّٰهِ فَلَا تَقْرَبُوهَاؕ كَذٰلِكَ يُبَيِّنُ اللّٰهُ اٰيَاتِهٖ لِلنَّاسِ لَعَلَّهُمْ يَتَّقُونَ
                                                    ﴿١٨٧﴾"
https://kuran.diyanet.gov.tr/tefsir/Bakara-suresi/195/188-ayet-tefsiri,"وَلَا تَأْكُلُٓوا اَمْوَالَكُمْ بَيْنَكُمْ بِالْبَاطِلِ وَتُدْلُوا بِهَٓا اِلَى الْحُكَّامِ لِتَأْكُلُوا فَرٖيقاً مِنْ اَمْوَالِ النَّاسِ بِالْاِثْمِ وَاَنْتُمْ تَعْلَمُونَࣖ
                                                    ﴿١٨٨﴾"
https://kuran.diyanet.gov.tr/tefsir/Bakara-suresi/196/189-ayet-tefsiri,"يَسْـَٔلُونَكَ عَنِ الْاَهِلَّةِؕ قُلْ هِيَ مَوَاقٖيتُ لِلنَّاسِ وَالْحَجِّؕ وَلَيْسَ الْبِرُّ بِاَنْ تَأْتُوا الْبُيُوتَ مِنْ ظُهُورِهَا وَلٰكِنَّ الْبِرَّ مَنِ اتَّقٰىۚ وَأْتُوا الْبُيُوتَ مِنْ اَبْوَابِهَاࣕ وَاتَّقُوا اللّٰهَ لَعَلَّكُمْ تُفْلِحُونَ
                                                    ﴿١٨٩﴾"
https://kuran.diyanet.gov.tr/tefsir/Bakara-suresi/197/190-ayet-tefsiri,"وَقَاتِلُوا فٖي سَبٖيلِ اللّٰهِ الَّذٖينَ يُقَاتِلُونَكُمْ وَلَا تَعْتَدُواؕ اِنَّ اللّٰهَ لَا يُحِبُّ الْمُعْتَدٖينَ
                                                    ﴿١٩٠﴾"
https://kuran.diyanet.gov.tr/tefsir/Bakara-suresi/198/191-192-ayet-tefsiri,"وَاقْتُلُوهُمْ حَيْثُ ثَقِفْتُمُوهُمْ وَاَخْرِجُوهُمْ مِنْ حَيْثُ اَخْرَجُوكُمْ وَالْفِتْنَةُ اَشَدُّ مِنَ الْقَتْلِۚ وَلَا تُقَاتِلُوهُمْ عِنْدَ الْمَسْجِدِ الْحَرَامِ حَتّٰى يُقَاتِلُوكُمْ فٖيهِۚ فَاِنْ قَاتَلُوكُمْ فَاقْتُلُوهُمْؕ كَذٰلِكَ جَزَٓاءُ الْكَافِرٖينَ
                                                    ﴿١٩١﴾"
https://kuran.diyanet.gov.tr/tefsir/Bakara-suresi/198/191-192-ayet-tefsiri,"فَاِنِ انْتَهَوْا فَاِنَّ اللّٰهَ غَفُورٌ رَحٖيمٌ
                                                    ﴿١٩٢﴾"
https://kuran.diyanet.gov.tr/tefsir/Bakara-suresi/200/193-ayet-tefsiri,"وَقَاتِلُوهُمْ حَتّٰى لَا تَكُونَ فِتْنَةٌ وَ يَكُونَ الدّٖينُ لِلّٰهِؕ فَاِنِ انْتَهَوْا فَلَا عُدْوَانَ اِلَّا عَلَى الظَّالِمٖينَ
                                                    ﴿١٩٣﴾"
https://kuran.diyanet.gov.tr/tefsir/Bakara-suresi/201/194-ayet-tefsiri,"اَلشَّهْرُ الْحَرَامُ بِالشَّهْرِ الْحَرَامِ وَالْحُرُمَاتُ قِصَاصٌؕ فَمَنِ اعْتَدٰى عَلَيْكُمْ فَاعْتَدُوا عَلَيْهِ بِمِثْلِ مَا اعْتَدٰى عَلَيْكُمْࣕ وَاتَّقُوا اللّٰهَ وَاعْلَمُٓوا اَنَّ اللّٰهَ مَعَ الْمُتَّقٖينَ
                                                    ﴿١٩٤﴾"
https://kuran.diyanet.gov.tr/tefsir/Bakara-suresi/202/195-ayet-tefsiri,"وَاَنْفِقُوا فٖي سَبٖيلِ اللّٰهِ وَلَا تُلْقُوا بِاَيْدٖيكُمْ اِلَى التَّهْلُكَةِۚۛ وَاَحْسِنُواۚۛ اِنَّ اللّٰهَ يُحِبُّ الْمُحْسِنٖينَ
                                                    ﴿١٩٥﴾"
https://kuran.diyanet.gov.tr/tefsir/Bakara-suresi/203/196-ayet-tefsiri,"وَاَتِمُّوا الْحَجَّ وَالْعُمْرَةَ لِلّٰهِؕ فَاِنْ اُحْصِرْتُمْ فَمَا اسْتَيْسَرَ مِنَ الْهَدْيِۚ وَلَا تَحْلِقُوا رُؤُ۫سَكُمْ حَتّٰى يَبْلُغَ الْهَدْيُ مَحِلَّهُؕ فَمَنْ كَانَ مِنْكُمْ مَرٖيضاً اَوْ بِهٖٓ اَذًى مِنْ رَأْسِهٖ فَفِدْيَةٌ مِنْ صِيَامٍ اَوْ صَدَقَةٍ اَوْ نُسُكٍۚ فَاِذَٓا اَمِنْتُمْࣞ فَمَنْ تَمَتَّعَ بِالْعُمْرَةِ اِلَى الْحَجِّ فَمَا اسْتَيْسَرَ مِنَ الْهَدْيِۚ فَمَنْ لَمْ يَجِدْ فَصِيَامُ ثَلٰثَةِ اَيَّامٍ فِي الْحَجِّ وَسَبْعَةٍ اِذَا رَجَعْتُمْؕ تِلْكَ عَشَرَةٌ كَامِلَةٌؕ ذٰلِكَ لِمَنْ لَمْ يَكُنْ اَهْلُهُ حَاضِرِي الْمَسْجِدِ الْحَرَامِؕ وَاتَّقُوا اللّٰهَ وَاعْلَمُٓوا اَنَّ اللّٰهَ شَدٖيدُ الْعِقَابِࣖ
                                                    ﴿١٩٦﴾"
https://kuran.diyanet.gov.tr/tefsir/Bakara-suresi/204/197-ayet-tefsiri,"اَلْحَجُّ اَشْهُرٌ مَعْلُومَاتٌۚ فَمَنْ فَرَضَ فٖيهِنَّ الْحَجَّ فَلَا رَفَثَ وَلَا فُسُوقَ وَلَا جِدَالَ فِي الْحَجِّؕ وَمَا تَفْعَلُوا مِنْ خَيْرٍ يَعْلَمْهُ اللّٰهُؕ وَتَزَوَّدُوا فَاِنَّ خَيْرَ الزَّادِ التَّقْوٰىؗ وَاتَّقُونِ يَٓا اُو۬لِي الْاَلْبَابِ
                                                    ﴿١٩٧﴾"
https://kuran.diyanet.gov.tr/tefsir/Bakara-suresi/205/198-199-ayet-tefsiri,"لَيْسَ عَلَيْكُمْ جُنَاحٌ اَنْ تَبْتَغُوا فَضْلاً مِنْ رَبِّكُمْؕ فَاِذَٓا اَفَضْتُمْ مِنْ عَرَفَاتٍ فَاذْكُرُوا اللّٰهَ عِنْدَ الْمَشْعَرِ الْحَرَامِࣕ وَاذْكُرُوهُ كَمَا هَدٰيكُمْۚ وَاِنْ كُنْتُمْ مِنْ قَبْلِهٖ لَمِنَ الضَّٓالّٖينَ
                                                    ﴿١٩٨﴾"
https://kuran.diyanet.gov.tr/tefsir/Bakara-suresi/205/198-199-ayet-tefsiri,"ثُمَّ اَفٖيضُوا مِنْ حَيْثُ اَفَاضَ النَّاسُ وَاسْتَغْفِرُوا اللّٰهَؕ اِنَّ اللّٰهَ غَفُورٌ رَحٖيمٌ
                                                    ﴿١٩٩﴾"
https://kuran.diyanet.gov.tr/tefsir/Bakara-suresi/207/200-202-ayet-tefsiri,"فَاِذَا قَضَيْتُمْ مَنَاسِكَكُمْ فَاذْكُرُوا اللّٰهَ كَذِكْرِكُمْ اٰبَٓاءَكُمْ اَوْ اَشَدَّ ذِكْراًؕ فَمِنَ النَّاسِ مَنْ يَقُولُ رَبَّنَٓا اٰتِنَا فِي الدُّنْيَا وَمَا لَهُ فِي الْاٰخِرَةِ مِنْ خَلَاقٍ
                                                    ﴿٢٠٠﴾"
https://kuran.diyanet.gov.tr/tefsir/Bakara-suresi/207/200-202-ayet-tefsiri,"وَمِنْهُمْ مَنْ يَقُولُ رَبَّنَٓا اٰتِنَا فِي الدُّنْيَا حَسَنَةً وَفِي الْاٰخِرَةِ حَسَنَةً وَقِنَا عَذَابَ النَّارِ
                                                    ﴿٢٠١﴾"
https://kuran.diyanet.gov.tr/tefsir/Bakara-suresi/207/200-202-ayet-tefsiri,"اُو۬لٰٓئِكَ لَهُمْ نَصٖيبٌ مِمَّا كَسَبُواؕ وَاللّٰهُ سَرٖيعُ الْحِسَابِ
                                                    ﴿٢٠٢﴾"
https://kuran.diyanet.gov.tr/tefsir/Bakara-suresi/210/203-ayet-tefsiri,"وَاذْكُرُوا اللّٰهَ فٖٓي اَيَّامٍ مَعْدُودَاتٍؕ فَمَنْ تَعَجَّلَ فٖي يَوْمَيْنِ فَلَٓا اِثْمَ عَلَيْهِۚ وَمَنْ تَاَخَّرَ فَلَٓا اِثْمَ عَلَيْهِۙ لِمَنِ اتَّقٰىؕ وَاتَّقُوا اللّٰهَ وَاعْلَمُٓوا اَنَّكُمْ اِلَيْهِ تُحْشَرُونَ
                                                    ﴿٢٠٣﴾"
https://kuran.diyanet.gov.tr/tefsir/Bakara-suresi/211/204-207-ayet-tefsiri,"وَمِنَ النَّاسِ مَنْ يُعْجِبُكَ قَوْلُهُ فِي الْحَيٰوةِ الدُّنْيَا وَيُشْهِدُ اللّٰهَ عَلٰى مَا فٖي قَلْبِهٖۙ وَهُوَ اَلَدُّ الْخِصَامِ
                                                    ﴿٢٠٤﴾"
https://kuran.diyanet.gov.tr/tefsir/Bakara-suresi/211/204-207-ayet-tefsiri,"وَاِذَا تَوَلّٰى سَعٰى فِي الْاَرْضِ لِيُفْسِدَ فٖيهَا وَيُهْلِكَ الْحَرْثَ وَالنَّسْلَؕ وَاللّٰهُ لَا يُحِبُّ الْفَسَادَ
                                                    ﴿٢٠٥﴾"
https://kuran.diyanet.gov.tr/tefsir/Bakara-suresi/211/204-207-ayet-tefsiri,"وَاِذَا قٖيلَ لَهُ اتَّقِ اللّٰهَ اَخَذَتْهُ الْعِزَّةُ بِالْاِثْمِ فَحَسْبُهُ جَهَنَّمُؕ وَلَبِئْسَ الْمِهَادُ
                                                    ﴿٢٠٦﴾"
https://kuran.diyanet.gov.tr/tefsir/Bakara-suresi/211/204-207-ayet-tefsiri,"وَمِنَ النَّاسِ مَنْ يَشْرٖي نَفْسَهُ ابْتِغَٓاءَ مَرْضَاتِ اللّٰهِؕ وَاللّٰهُ رَؤُ۫فٌ بِالْعِبَادِ
                                                    ﴿٢٠٧﴾"
https://kuran.diyanet.gov.tr/tefsir/Bakara-suresi/215/208-ayet-tefsiri,"يَٓا اَيُّهَا الَّذٖينَ اٰمَنُوا ادْخُلُوا فِي السِّلْمِ كَٓافَّةًࣕ وَلَا تَتَّبِعُوا خُطُوَاتِ الشَّيْطَانِؕ اِنَّهُ لَكُمْ عَدُوٌّ مُبٖينٌ
                                                    ﴿٢٠٨﴾"
https://kuran.diyanet.gov.tr/tefsir/Bakara-suresi/216/209-ayet-tefsiri,"فَاِنْ زَلَلْتُمْ مِنْ بَعْدِ مَا جَٓاءَتْكُمُ الْبَيِّنَاتُ فَاعْلَمُٓوا اَنَّ اللّٰهَ عَزٖيزٌ حَكٖيمٌ
                                                    ﴿٢٠٩﴾"
https://kuran.diyanet.gov.tr/tefsir/Bakara-suresi/217/210-ayet-tefsiri,"هَلْ يَنْظُرُونَ اِلَّٓا اَنْ يَأْتِيَهُمُ اللّٰهُ فٖي ظُلَلٍ مِنَ الْغَمَامِ وَالْمَلٰٓئِكَةُ وَقُضِيَ الْاَمْرُؕ وَاِلَى اللّٰهِ تُرْجَعُ الْاُمُورُࣖ
                                                    ﴿٢١٠﴾"
https://kuran.diyanet.gov.tr/tefsir/Bakara-suresi/218/211-ayet-tefsiri,"سَلْ بَنٖٓي اِسْرَٓائٖلَ كَمْ اٰتَيْنَاهُمْ مِنْ اٰيَةٍ بَيِّنَةٍؕ وَمَنْ يُبَدِّلْ نِعْمَةَ اللّٰهِ مِنْ بَعْدِ مَا جَٓاءَتْهُ فَاِنَّ اللّٰهَ شَدٖيدُ الْعِقَابِ
                                                    ﴿٢١١﴾"
https://kuran.diyanet.gov.tr/tefsir/Bakara-suresi/219/212-ayet-tefsiri,"زُيِّنَ لِلَّذٖينَ كَفَرُوا الْحَيٰوةُ الدُّنْيَا وَيَسْخَرُونَ مِنَ الَّذٖينَ اٰمَنُواۘ وَالَّذٖينَ اتَّقَوْا فَوْقَهُمْ يَوْمَ الْقِيٰمَةِؕ وَاللّٰهُ يَرْزُقُ مَنْ يَشَٓاءُ بِغَيْرِ حِسَابٍ
                                                    ﴿٢١٢﴾"
https://kuran.diyanet.gov.tr/tefsir/Bakara-suresi/220/213-ayet-tefsiri,"كَانَ النَّاسُ اُمَّةً وَاحِدَةً فَبَعَثَ اللّٰهُ النَّبِيّٖنَ مُبَشِّرٖينَ وَمُنْذِرٖينَࣕ وَاَنْزَلَ مَعَهُمُ الْكِتَابَ بِالْحَقِّ لِيَحْكُمَ بَيْنَ النَّاسِ فٖيمَا اخْتَلَفُوا فٖيهِؕ وَمَا اخْتَلَفَ فٖيهِ اِلَّا الَّذٖينَ اُو۫تُوهُ مِنْ بَعْدِ مَا جَٓاءَتْهُمُ الْبَيِّنَاتُ بَغْياً بَيْنَهُمْۚ فَهَدَى اللّٰهُ الَّذٖينَ اٰمَنُوا لِمَا اخْتَلَفُوا فٖيهِ مِنَ الْحَقِّ بِاِذْنِهٖؕ وَاللّٰهُ يَهْدٖي مَنْ يَشَٓاءُ اِلٰى صِرَاطٍ مُسْتَقٖيمٍ
                                                    ﴿٢١٣﴾"
https://kuran.diyanet.gov.tr/tefsir/Bakara-suresi/221/214-ayet-tefsiri,"اَمْ حَسِبْتُمْ اَنْ تَدْخُلُوا الْجَنَّةَ وَلَمَّا يَأْتِكُمْ مَثَلُ الَّذٖينَ خَلَوْا مِنْ قَبْلِكُمْؕ مَسَّتْهُمُ الْبَأْسَٓاءُ وَالضَّرَّٓاءُ وَزُلْزِلُوا حَتّٰى يَقُولَ الرَّسُولُ وَالَّذٖينَ اٰمَنُوا مَعَهُ مَتٰى نَصْرُ اللّٰهِؕ اَلَٓا اِنَّ نَصْرَ اللّٰهِ قَرٖيبٌ
                                                    ﴿٢١٤﴾"
https://kuran.diyanet.gov.tr/tefsir/Bakara-suresi/222/215-ayet-tefsiri,"يَسْـَٔلُونَكَ مَاذَا يُنْفِقُونَؕ قُلْ مَٓا اَنْفَقْتُمْ مِنْ خَيْرٍ فَلِلْوَالِدَيْنِ وَالْاَقْرَبٖينَ وَالْيَتَامٰى وَالْمَسَاكٖينِ وَابْنِ السَّبٖيلِؕ وَمَا تَفْعَلُوا مِنْ خَيْرٍ فَاِنَّ اللّٰهَ بِهٖ عَلٖيمٌ
                                                    ﴿٢١٥﴾"
https://kuran.diyanet.gov.tr/tefsir/Bakara-suresi/223/216-ayet-tefsiri,"كُتِبَ عَلَيْكُمُ الْقِتَالُ وَهُوَ كُرْهٌ لَكُمْۚ وَعَسٰٓى اَنْ تَكْرَهُوا شَيْـٔاً وَهُوَ خَيْرٌ لَكُمْۚ وَعَسٰٓى اَنْ تُحِبُّوا شَيْـٔاً وَهُوَ شَرٌّ لَكُمْؕ وَاللّٰهُ يَعْلَمُ وَاَنْتُمْ لَا تَعْلَمُونَࣖ
                                                    ﴿٢١٦﴾"
https://kuran.diyanet.gov.tr/tefsir/Bakara-suresi/224/217-ayet-tefsiri,"يَسْـَٔلُونَكَ عَنِ الشَّهْرِ الْحَرَامِ قِتَالٍ فٖيهِؕ قُلْ قِتَالٌ فٖيهِ كَبٖيرٌؕ وَصَدٌّ عَنْ سَبٖيلِ اللّٰهِ وَكُفْرٌ بِهٖ وَالْمَسْجِدِ الْحَرَامِ وَاِخْرَاجُ اَهْلِهٖ مِنْهُ اَكْبَرُ عِنْدَ اللّٰهِۚ وَالْفِتْنَةُ اَكْبَرُ مِنَ الْقَتْلِؕ وَلَا يَزَالُونَ يُقَاتِلُونَكُمْ حَتّٰى يَرُدُّوكُمْ عَنْ دٖينِكُمْ اِنِ اسْتَطَاعُواؕ وَمَنْ يَرْتَدِدْ مِنْكُمْ عَنْ دٖينِهٖ فَيَمُتْ وَهُوَ كَافِرٌ فَاُو۬لٰٓئِكَ حَبِطَتْ اَعْمَالُهُمْ فِي الدُّنْيَا وَالْاٰخِرَةِۚ وَاُو۬لٰٓئِكَ اَصْحَابُ النَّارِۚ هُمْ فٖيهَا خَـالِدُونَ
                                                    ﴿٢١٧﴾"
https://kuran.diyanet.gov.tr/tefsir/Bakara-suresi/225/218-ayet-tefsiri,"اِنَّ الَّذٖينَ اٰمَنُوا وَالَّذٖينَ هَاجَرُوا وَجَاهَدُوا فٖي سَبٖيلِ اللّٰهِۙ اُو۬لٰٓئِكَ يَرْجُونَ رَحْمَتَ اللّٰهِؕ وَاللّٰهُ غَفُورٌ رَحٖيمٌ
                                                    ﴿٢١٨﴾"
https://kuran.diyanet.gov.tr/tefsir/Bakara-suresi/226/219-ayet-tefsiri,"يَسْـَٔلُونَكَ عَنِ الْخَمْرِ وَالْمَيْسِرِؕ قُلْ فٖيهِمَٓا اِثْمٌ كَبٖيرٌ وَمَنَافِـعُ لِلنَّاسِؗ وَاِثْمُهُمَٓا اَكْبَرُ مِنْ نَفْعِهِمَاؕ وَيَسْـَٔلُونَكَ مَاذَا يُنْفِقُونَؕ قُلِ الْعَفْوَؕ كَذٰلِكَ يُبَيِّنُ اللّٰهُ لَكُمُ الْاٰيَاتِ لَعَلَّكُمْ تَتَفَكَّرُونَۙ
                                                    ﴿٢١٩﴾"
https://kuran.diyanet.gov.tr/tefsir/Bakara-suresi/227/220-ayet-tefsiri,"فِي الدُّنْيَا وَالْاٰخِرَةِؕ وَيَسْـَٔلُونَكَ عَنِ الْيَتَامٰىؕ قُلْ اِصْلَاحٌ لَهُمْ خَيْرٌؕ وَاِنْ تُخَالِطُوهُمْ فَاِخْوَانُكُمْؕ وَاللّٰهُ يَعْلَمُ الْمُفْسِدَ مِنَ الْمُصْلِحِؕ وَلَوْ شَٓاءَ اللّٰهُ لَاَعْنَتَكُمْؕ اِنَّ اللّٰهَ عَزٖيزٌ حَكٖيمٌ
                                                    ﴿٢٢٠﴾"
https://kuran.diyanet.gov.tr/tefsir/Bakara-suresi/228/221-ayet-tefsiri,"وَلَا تَنْكِحُوا الْمُشْرِكَاتِ حَتّٰى يُؤْمِنَّؕ وَلَاَمَةٌ مُؤْمِنَةٌ خَيْرٌ مِنْ مُشْرِكَةٍ وَلَوْ اَعْجَبَتْكُمْۚ وَلَا تُنْكِحُوا الْمُشْرِكٖينَ حَتّٰى يُؤْمِنُواؕ وَلَعَبْدٌ مُؤْمِنٌ خَيْرٌ مِنْ مُشْرِكٍ وَلَوْ اَعْجَبَكُمْؕ اُو۬لٰٓئِكَ يَدْعُونَ اِلَى النَّارِۚ وَاللّٰهُ يَدْعُٓوا اِلَى الْجَنَّةِ وَالْمَغْفِرَةِ بِاِذْنِهٖۚ وَيُبَيِّنُ اٰيَاتِهٖ لِلنَّاسِ لَعَلَّهُمْ يَتَذَكَّرُونَࣖ
                                                    ﴿٢٢١﴾"
https://kuran.diyanet.gov.tr/tefsir/Bakara-suresi/229/222-ayet-tefsiri,"وَيَسْـَٔلُونَكَ عَنِ الْمَحٖيضِؕ قُلْ هُوَ اَذًىۙ فَاعْتَزِلُوا النِّسَٓاءَ فِي الْمَحٖيضِۙ وَلَا تَقْرَبُوهُنَّ حَتّٰى يَطْهُرْنَۚ فَاِذَا تَطَهَّرْنَ فَأْتُوهُنَّ مِنْ حَيْثُ اَمَرَكُمُ اللّٰهُؕ اِنَّ اللّٰهَ يُحِبُّ التَّوَّابٖينَ وَيُحِبُّ الْمُتَطَهِّرٖينَ
                                                    ﴿٢٢٢﴾"
https://kuran.diyanet.gov.tr/tefsir/Bakara-suresi/230/223-ayet-tefsiri,"نِسَٓاؤُ۬كُمْ حَرْثٌ لَكُمْࣕ فَأْتُوا حَرْثَكُمْ اَنّٰى شِئْتُمْؗ وَقَدِّمُوا لِاَنْفُسِكُمْؕ وَاتَّقُوا اللّٰهَ وَاعْلَمُٓوا اَنَّكُمْ مُلَاقُوهُؕ وَبَشِّرِ الْمُؤْمِنٖينَ
                                                    ﴿٢٢٣﴾"
https://kuran.diyanet.gov.tr/tefsir/Bakara-suresi/231/224-ayet-tefsiri,"وَلَا تَجْعَلُوا اللّٰهَ عُرْضَةً لِاَيْمَانِكُمْ اَنْ تَبَرُّوا وَتَتَّقُوا وَتُصْلِحُوا بَيْنَ النَّاسِؕ وَاللّٰهُ سَمٖيعٌ عَلٖيمٌ
                                                    ﴿٢٢٤﴾"
https://kuran.diyanet.gov.tr/tefsir/Bakara-suresi/232/225-ayet-tefsiri,"لَا يُؤَاخِذُ كُمُ اللّٰهُ بِاللَّغْوِ فٖٓي اَيْمَانِكُمْ وَلٰكِنْ يُؤَاخِذُ كُمْ بِمَا كَسَبَتْ قُلُوبُكُمْؕ وَاللّٰهُ غَفُورٌ حَلٖيمٌ
                                                    ﴿٢٢٥﴾"
https://kuran.diyanet.gov.tr/tefsir/Bakara-suresi/233/226-227-ayet-tefsiri,"لِلَّذٖينَ يُؤْلُونَ مِنْ نِسَٓائِهِمْ تَرَبُّصُ اَرْبَعَةِ اَشْهُرٍۚ فَاِنْ فَٓاؤُ۫ فَاِنَّ اللّٰهَ غَفُورٌ رَحٖيمٌ
                                                    ﴿٢٢٦﴾"
https://kuran.diyanet.gov.tr/tefsir/Bakara-suresi/233/226-227-ayet-tefsiri,"وَاِنْ عَزَمُوا الطَّـلَاقَ فَاِنَّ اللّٰهَ سَمٖيعٌ عَلٖيمٌ
                                                    ﴿٢٢٧﴾"
https://kuran.diyanet.gov.tr/tefsir/Bakara-suresi/235/228-ayet-tefsiri,"وَالْمُطَلَّقَاتُ يَتَرَبَّصْنَ بِاَنْفُسِهِنَّ ثَلٰثَةَ قُرُٓوءٍؕ وَلَا يَحِلُّ لَهُنَّ اَنْ يَكْتُمْنَ مَا خَلَقَ اللّٰهُ فٖٓي اَرْحَامِهِنَّ اِنْ كُنَّ يُؤْمِنَّ بِاللّٰهِ وَالْيَوْمِ الْاٰخِرِؕ وَبُعُولَتُهُنَّ اَحَقُّ بِرَدِّهِنَّ فٖي ذٰلِكَ اِنْ اَرَادُٓوا اِصْلَاحاًؕ وَلَهُنَّ مِثْلُ الَّذٖي عَلَيْهِنَّ بِالْمَعْرُوفِࣕ وَلِلرِّجَالِ عَلَيْهِنَّ دَرَجَةٌؕ وَاللّٰهُ عَزٖيزٌ حَكٖيمٌࣖ
                                                    ﴿٢٢٨﴾"
https://kuran.diyanet.gov.tr/tefsir/Bakara-suresi/236/229-ayet-tefsiri,"اَلطَّـلَاقُ مَرَّتَانِࣕ فَاِمْسَاكٌ بِمَعْرُوفٍ اَوْ تَسْرٖيحٌ بِاِحْسَانٍؕ وَلَا يَحِلُّ لَكُمْ اَنْ تَأْخُذُوا مِمَّٓا اٰتَيْتُمُوهُنَّ شَيْـٔاً اِلَّٓا اَنْ يَخَافَٓا اَلَّا يُقٖيمَا حُدُودَ اللّٰهِؕ فَاِنْ خِفْتُمْ اَلَّا يُقٖيمَا حُدُودَ اللّٰهِۙ فَلَا جُنَاحَ عَلَيْهِمَا فٖيمَا افْتَدَتْ بِهٖؕ تِلْكَ حُدُودُ اللّٰهِ فَلَا تَعْتَدُوهَاۚ وَمَنْ يَتَعَدَّ حُدُودَ اللّٰهِ فَاُو۬لٰٓئِكَ هُمُ الظَّالِمُونَ
                                                    ﴿٢٢٩﴾"
https://kuran.diyanet.gov.tr/tefsir/Bakara-suresi/237/230-ayet-tefsiri,"فَاِنْ طَلَّقَهَا فَلَا تَحِلُّ لَهُ مِنْ بَعْدُ حَتّٰى تَنْكِحَ زَوْجاً غَيْرَهُؕ فَاِنْ طَلَّقَهَا فَلَا جُنَاحَ عَلَيْهِمَٓا اَنْ يَتَرَاجَعَٓا اِنْ ظَـنَّٓا اَنْ يُقٖيمَا حُدُودَ اللّٰهِؕ وَتِلْكَ حُدُودُ اللّٰهِ يُبَيِّنُهَا لِقَوْمٍ يَعْلَمُونَ
                                                    ﴿٢٣٠﴾"
https://kuran.diyanet.gov.tr/tefsir/Bakara-suresi/238/231-ayet-tefsiri,"وَاِذَا طَلَّقْتُمُ النِّسَٓاءَ فَبَلَغْنَ اَجَلَهُنَّ فَاَمْسِكُوهُنَّ بِمَعْرُوفٍ اَوْ سَرِّحُوهُنَّ بِمَعْرُوفٍࣕ وَلَا تُمْسِكُوهُنَّ ضِرَاراً لِتَعْتَدُواۚ وَمَنْ يَفْعَلْ ذٰلِكَ فَقَدْ ظَلَمَ نَفْسَهُؕ وَلَا تَتَّخِذُٓوا اٰيَاتِ اللّٰهِ هُزُواًؗ وَاذْكُرُوا نِعْمَتَ اللّٰهِ عَلَيْكُمْ وَمَٓا اَنْزَلَ عَلَيْكُمْ مِنَ الْكِتَابِ وَالْحِكْمَةِ يَعِظُكُمْ بِهٖؕ وَاتَّقُوا اللّٰهَ وَاعْلَمُٓوا اَنَّ اللّٰهَ بِكُلِّ شَيْءٍ عَلٖيمٌࣖ
                                                    ﴿٢٣١﴾"
https://kuran.diyanet.gov.tr/tefsir/Bakara-suresi/239/232-ayet-tefsiri,"وَاِذَا طَلَّقْتُمُ النِّسَٓاءَ فَبَلَغْنَ اَجَلَهُنَّ فَلَا تَعْضُلُوهُنَّ اَنْ يَنْكِحْنَ اَزْوَاجَهُنَّ اِذَا تَرَاضَوْا بَيْنَهُمْ بِالْمَعْرُوفِؕ ذٰلِكَ يُوعَظُ بِهٖ مَنْ كَانَ مِنْكُمْ يُؤْمِنُ بِاللّٰهِ وَالْيَوْمِ الْاٰخِرِؕ ذٰلِكُمْ اَزْكٰى لَكُمْ وَاَطْهَرُؕ وَاللّٰهُ يَعْلَمُ وَاَنْتُمْ لَا تَعْلَمُونَ
                                                    ﴿٢٣٢﴾"
https://kuran.diyanet.gov.tr/tefsir/Bakara-suresi/240/233-ayet-tefsiri,"وَالْوَالِدَاتُ يُرْضِعْنَ اَوْلَادَهُنَّ حَوْلَيْنِ كَامِلَيْنِ لِمَنْ اَرَادَ اَنْ يُـتِمَّ الرَّضَاعَةَؕ وَعَلَى الْمَوْلُودِ لَهُ رِزْقُهُنَّ وَكِسْوَتُهُنَّ بِالْمَعْرُوفِؕ لَا تُكَلَّفُ نَفْسٌ اِلَّا وُسْعَهَاۚ لَا تُضَٓارَّ وَالِدَةٌ بِوَلَدِهَا وَلَا مَوْلُودٌ لَهُ بِوَلَدِهٖ وَعَلَى الْوَارِثِ مِثْلُ ذٰلِكَۚ فَاِنْ اَرَادَا فِصَالاً عَنْ تَرَاضٍ مِنْهُمَا وَتَشَاوُرٍ فَلَا جُنَاحَ عَلَيْهِمَاؕ وَاِنْ اَرَدْتُمْ اَنْ تَسْتَرْضِعُٓوا اَوْلَادَكُمْ فَلَا جُنَاحَ عَلَيْكُمْ اِذَا سَلَّمْتُمْ مَٓا اٰتَيْتُمْ بِالْمَعْرُوفِؕ وَاتَّقُوا اللّٰهَ وَاعْلَمُٓوا اَنَّ اللّٰهَ بِمَا تَعْمَلُونَ بَصٖيرٌ
                                                    ﴿٢٣٣﴾"
https://kuran.diyanet.gov.tr/tefsir/Bakara-suresi/241/234-235-ayet-tefsiri,"وَالَّذٖينَ يُتَوَفَّوْنَ مِنْكُمْ وَيَذَرُونَ اَزْوَاجاً يَتَرَبَّصْنَ بِاَنْفُسِهِنَّ اَرْبَعَةَ اَشْهُرٍ وَعَشْراًۚ فَاِذَا بَلَغْنَ اَجَلَهُنَّ فَلَا جُنَاحَ عَلَيْكُمْ فٖيمَا فَعَلْنَ فٖٓي اَنْفُسِهِنَّ بِالْمَعْرُوفِؕ وَاللّٰهُ بِمَا تَعْمَلُونَ خَبٖيرٌ
                                                    ﴿٢٣٤﴾"
https://kuran.diyanet.gov.tr/tefsir/Bakara-suresi/241/234-235-ayet-tefsiri,"وَلَا جُنَاحَ عَلَيْكُمْ فٖيمَا عَرَّضْتُمْ بِهٖ مِنْ خِطْبَةِ النِّسَٓاءِ اَوْ اَ كْنَنْتُمْ فٖٓي اَنْفُسِكُمْؕ عَلِمَ اللّٰهُ اَنَّكُمْ سَتَذْكُرُونَهُنَّ وَلٰكِنْ لَا تُوَاعِدُوهُنَّ سِراًّ اِلَّٓا اَنْ تَقُولُوا قَوْلاً مَعْرُوفاًؕ وَلَا تَعْزِمُوا عُقْدَةَ النِّكَاحِ حَتّٰى يَبْلُغَ الْكِتَابُ اَجَلَهُؕ وَاعْلَمُٓوا اَنَّ اللّٰهَ يَعْلَمُ مَا فٖٓي اَنْفُسِكُمْ فَاحْذَرُوهُۚ وَاعْلَمُٓوا اَنَّ اللّٰهَ غَفُورٌ حَلٖيمٌࣖ
                                                    ﴿٢٣٥﴾"
https://kuran.diyanet.gov.tr/tefsir/Bakara-suresi/243/236-237-ayet-tefsiri,"لَا جُنَاحَ عَلَيْكُمْ اِنْ طَلَّقْتُمُ النِّسَٓاءَ مَا لَمْ تَمَسُّوهُنَّ اَوْ تَفْرِضُوا لَهُنَّ فَرٖيضَةًۚ وَمَتِّعُوهُنَّۚ عَلَى الْمُوسِعِ قَدَرُهُ وَعَلَى الْمُقْتِرِ قَدَرُهُۚ مَتَـاعاً بِالْمَعْرُوفِۚ حَقاًّ عَلَى الْمُحْسِنٖينَ
                                                    ﴿٢٣٦﴾"
https://kuran.diyanet.gov.tr/tefsir/Bakara-suresi/243/236-237-ayet-tefsiri,"وَاِنْ طَلَّقْتُمُوهُنَّ مِنْ قَبْلِ اَنْ تَمَسُّوهُنَّ وَقَدْ فَرَضْتُمْ لَهُنَّ فَرٖيضَةً فَنِصْفُ مَا فَرَضْتُمْ اِلَّٓا اَنْ يَعْفُونَ اَوْ يَعْفُوَا الَّذٖي بِيَدِهٖ عُقْدَةُ النِّكَاحِؕ وَاَنْ تَعْفُٓوا اَقْرَبُ لِلتَّقْوٰىؕ وَلَا تَنْسَوُا الْفَضْلَ بَيْنَكُمْؕ اِنَّ اللّٰهَ بِمَا تَعْمَلُونَ بَصٖيرٌ
                                                    ﴿٢٣٧﴾"
https://kuran.diyanet.gov.tr/tefsir/Bakara-suresi/245/238-239-ayet-tefsiri,"حَافِظُوا عَلَى الصَّلَوَاتِ وَالصَّلٰوةِ الْوُسْطٰى وَقُومُوا لِلّٰهِ قَانِتٖينَ
                                                    ﴿٢٣٨﴾"
https://kuran.diyanet.gov.tr/tefsir/Bakara-suresi/245/238-239-ayet-tefsiri,"فَاِنْ خِفْتُمْ فَرِجَـالاً اَوْ رُكْبَـاناًۚ فَاِذَٓا اَمِنْتُمْ فَاذْكُرُوا اللّٰهَ كَمَا عَلَّمَكُمْ مَا لَمْ تَكُونُوا تَعْلَمُونَ
                                                    ﴿٢٣٩﴾"
https://kuran.diyanet.gov.tr/tefsir/Bakara-suresi/247/240-ayet-tefsiri,"وَالَّذٖينَ يُتَوَفَّوْنَ مِنْكُمْ وَيَذَرُونَ اَزْوَاجاًۚ وَصِيَّةً لِاَزْوَاجِهِمْ مَتَاعاً اِلَى الْحَوْلِ غَيْرَ اِخْرَاجٍۚ فَاِنْ خَرَجْنَ فَلَا جُنَاحَ عَلَيْكُمْ فٖي مَا فَعَلْنَ فٖٓي اَنْفُسِهِنَّ مِنْ مَعْرُوفٍؕ وَاللّٰهُ عَزٖيزٌ حَكٖيمٌ
                                                    ﴿٢٤٠﴾"
https://kuran.diyanet.gov.tr/tefsir/Bakara-suresi/248/241-ayet-tefsiri,"وَلِلْمُطَلَّقَاتِ مَتَاعٌ بِالْمَعْرُوفِؕ حَقاًّ عَلَى الْمُتَّقٖينَ
                                                    ﴿٢٤١﴾"
https://kuran.diyanet.gov.tr/tefsir/Bakara-suresi/249/242-ayet-tefsiri,"كَذٰلِكَ يُبَيِّنُ اللّٰهُ لَكُمْ اٰيَاتِهٖ لَعَلَّكُمْ تَعْقِلُونَࣖ
                                                    ﴿٢٤٢﴾"
https://kuran.diyanet.gov.tr/tefsir/Bakara-suresi/250/243-ayet-tefsiri,"اَلَمْ تَرَ اِلَى الَّذٖينَ خَرَجُوا مِنْ دِيَارِهِمْ وَهُمْ اُلُوفٌ حَذَرَ الْمَوْتِࣕ فَقَالَ لَهُمُ اللّٰهُ مُوتُوا ثُمَّ اَحْيَاهُمْؕ اِنَّ اللّٰهَ لَذُو فَضْلٍ عَلَى النَّاسِ وَلٰكِنَّ اَكْثَرَ النَّاسِ لَا يَشْكُرُونَ
                                                    ﴿٢٤٣﴾"
https://kuran.diyanet.gov.tr/tefsir/Bakara-suresi/251/244-ayet-tefsiri,"وَقَاتِلُوا فٖي سَبٖيلِ اللّٰهِ وَاعْلَمُٓوا اَنَّ اللّٰهَ سَمٖيعٌ عَلٖيمٌ
                                                    ﴿٢٤٤﴾"
https://kuran.diyanet.gov.tr/tefsir/Bakara-suresi/252/245-ayet-tefsiri,"مَنْ ذَا الَّذٖي يُقْرِضُ اللّٰهَ قَرْضاً حَسَناً فَيُضَاعِفَهُ لَهُٓ اَضْعَافاً كَـثٖيرَةًؕ وَاللّٰهُ يَقْبِضُ وَيَبْصُۣطُࣕ وَاِلَيْهِ تُرْجَعُونَ
                                                    ﴿٢٤٥﴾"
https://kuran.diyanet.gov.tr/tefsir/Bakara-suresi/253/246-ayet-tefsiri,"اَلَمْ تَرَ اِلَى الْمَلَأِ مِنْ بَنٖٓي اِسْرَٓائٖلَ مِنْ بَعْدِ مُوسٰىۘ اِذْ قَالُوا لِنَبِيٍّ لَهُمُ ابْعَثْ لَنَا مَلِكاً نُقَاتِلْ فٖي سَبٖيلِ اللّٰهِؕ قَالَ هَلْ عَسَيْتُمْ اِنْ كُتِبَ عَلَيْكُمُ الْقِتَالُ اَلَّا تُقَاتِلُواؕ قَالُوا وَمَا لَـنَٓا اَلَّا نُقَاتِلَ فٖي سَبٖيلِ اللّٰهِ وَقَدْ اُخْرِجْنَا مِنْ دِيَارِنَا وَاَبْنَٓائِنَاؕ فَلَمَّا كُتِبَ عَلَيْهِمُ الْقِتَالُ تَوَلَّوْا اِلَّا قَلٖيلاً مِنْهُمْؕ وَاللّٰهُ عَلٖيمٌ بِالظَّالِمٖينَ
                                                    ﴿٢٤٦﴾"
https://kuran.diyanet.gov.tr/tefsir/Bakara-suresi/254/247-ayet-tefsiri,"وَقَالَ لَهُمْ نَبِيُّهُمْ اِنَّ اللّٰهَ قَدْ بَعَثَ لَكُمْ طَالُوتَ مَلِكاًؕ قَالُٓوا اَنّٰى يَكُونُ لَهُ الْمُلْكُ عَلَيْنَا وَنَحْنُ اَحَقُّ بِالْمُلْكِ مِنْهُ وَلَمْ يُؤْتَ سَعَةً مِنَ الْمَالِؕ قَالَ اِنَّ اللّٰهَ اصْطَفٰيهُ عَلَيْكُمْ وَزَادَهُ بَسْطَةً فِي الْعِلْمِ وَالْجِسْمِؕ وَاللّٰهُ يُؤْتٖي مُلْكَهُ مَنْ يَشَٓاءُؕ وَاللّٰهُ وَاسِعٌ عَلٖيمٌ
                                                    ﴿٢٤٧﴾"
https://kuran.diyanet.gov.tr/tefsir/Bakara-suresi/255/248-ayet-tefsiri,"وَقَالَ لَهُمْ نَبِيُّهُمْ اِنَّ اٰيَةَ مُلْكِهٖٓ اَنْ يَأْتِيَكُمُ التَّابُوتُ فٖيهِ سَكٖينَةٌ مِنْ رَبِّكُمْ وَبَقِيَّةٌ مِمَّا تَرَكَ اٰلُ مُوسٰى وَاٰلُ هٰرُونَ تَحْمِلُهُ الْمَلٰٓئِكَةُؕ اِنَّ فٖي ذٰلِكَ لَاٰيَةً لَكُمْ اِنْ كُنْتُمْ مُؤْمِنٖينَࣖ
                                                    ﴿٢٤٨﴾"
https://kuran.diyanet.gov.tr/tefsir/Bakara-suresi/256/249-250-ayet-tefsiri,"فَلَمَّا فَصَلَ طَالُوتُ بِالْجُنُودِۙ قَالَ اِنَّ اللّٰهَ مُبْتَلٖيكُمْ بِنَهَرٍۚ فَمَنْ شَرِبَ مِنْهُ فَلَيْسَ مِنّٖيۚ وَمَنْ لَمْ يَطْعَمْهُ فَاِنَّهُ مِنّٖٓي اِلَّا مَنِ اغْتَرَفَ غُرْفَةً بِيَدِهٖۚ فَشَرِبُوا مِنْهُ اِلَّا قَلٖيلاً مِنْهُمْؕ فَلَمَّا جَاوَزَهُ هُوَ وَالَّذٖينَ اٰمَنُوا مَعَهُۙ قَالُوا لَا طَاقَةَ لَنَا الْيَوْمَ بِجَالُوتَ وَجُنُودِهٖؕ قَالَ الَّذٖينَ يَظُنُّونَ اَنَّهُمْ مُلَاقُوا اللّٰهِۙ كَمْ مِنْ فِئَةٍ قَلٖيلَةٍ غَلَبَتْ فِئَةً كَثٖيرَةً بِاِذْنِ اللّٰهِؕ وَاللّٰهُ مَعَ الصَّابِرٖينَ
                                                    ﴿٢٤٩﴾"
https://kuran.diyanet.gov.tr/tefsir/Bakara-suresi/256/249-250-ayet-tefsiri,"وَلَمَّا بَرَزُوا لِجَالُوتَ وَجُنُودِهٖ قَالُوا رَبَّنَٓا اَفْرِ غْ عَلَيْنَا صَبْراً وَثَبِّتْ اَقْدَامَنَا وَانْصُرْنَا عَلَى الْقَوْمِ الْكَافِرٖينَؕ
                                                    ﴿٢٥٠﴾"
https://kuran.diyanet.gov.tr/tefsir/Bakara-suresi/258/251-ayet-tefsiri,"فَهَزَمُوهُمْ بِاِذْنِ اللّٰهِۙ وَقَتَلَ دَاوُ۫دُ جَالُوتَ وَاٰتٰيهُ اللّٰهُ الْمُلْكَ وَالْحِكْمَةَ وَعَلَّمَهُ مِمَّا يَشَٓاءُؕ وَلَوْلَا دَفْعُ اللّٰهِ النَّاسَ بَعْضَهُمْ بِبَعْضٍ لَفَسَدَتِ الْاَرْضُ وَلٰكِنَّ اللّٰهَ ذُو فَضْلٍ عَلَى الْعَالَمٖينَ
                                                    ﴿٢٥١﴾"
https://kuran.diyanet.gov.tr/tefsir/Bakara-suresi/259/252-ayet-tefsiri,"تِلْكَ اٰيَاتُ اللّٰهِ نَتْلُوهَا عَلَيْكَ بِالْحَقِّؕ وَاِنَّكَ لَمِنَ الْمُرْسَلٖينَ
                                                    ﴿٢٥٢﴾"
https://kuran.diyanet.gov.tr/tefsir/Bakara-suresi/260/253-ayet-tefsiri,"تِلْكَ الرُّسُلُ فَضَّلْنَا بَعْضَهُمْ عَلٰى بَعْضٍۘ مِنْهُمْ مَنْ كَلَّمَ اللّٰهُ وَرَفَعَ بَعْضَهُمْ دَرَجَاتٍؕ وَاٰتَيْنَا عٖيسَى ابْنَ مَرْيَمَ الْبَيِّنَاتِ وَاَيَّدْنَاهُ بِرُوحِ الْقُدُسِؕ وَلَوْ شَٓاءَ اللّٰهُ مَا اقْتَتَلَ الَّذٖينَ مِنْ بَعْدِهِمْ مِنْ بَعْدِ مَا جَٓاءَتْهُمُ الْبَيِّنَاتُ وَلٰكِنِ اخْتَلَفُوا فَمِنْهُمْ مَنْ اٰمَنَ وَمِنْهُمْ مَنْ كَفَرَؕ وَلَوْ شَٓاءَ اللّٰهُ مَا اقْتَتَلُوا وَلٰكِنَّ اللّٰهَ يَفْعَلُ مَا يُرٖيدُࣖ
                                                    ﴿٢٥٣﴾"
https://kuran.diyanet.gov.tr/tefsir/Bakara-suresi/261/254-ayet-tefsiri,"يَٓا اَيُّهَا الَّذٖينَ اٰمَنُٓوا اَنْفِقُوا مِمَّا رَزَقْنَاكُمْ مِنْ قَبْلِ اَنْ يَأْتِيَ يَوْمٌ لَا بَيْعٌ فٖيهِ وَلَا خُلَّةٌ وَلَا شَفَاعَةٌؕ وَالْكَافِرُونَ هُمُ الظَّالِمُونَ
                                                    ﴿٢٥٤﴾"
https://kuran.diyanet.gov.tr/tefsir/Bakara-suresi/262/255-ayet-tefsiri,"اَللّٰهُ لَٓا اِلٰهَ اِلَّا هُوَۚ اَلْحَيُّ الْقَيُّومُۚ لَا تَأْخُذُهُ سِنَةٌ وَلَا نَوْمٌؕ لَهُ مَا فِي السَّمٰوَاتِ وَمَا فِي الْاَرْضِؕ مَنْ ذَا الَّذٖي يَشْفَعُ عِنْدَهُٓ اِلَّا بِاِذْنِهٖؕ يَعْلَمُ مَا بَيْنَ اَيْدٖيهِمْ وَمَا خَلْفَهُمْۚ وَلَا يُحٖيطُونَ بِشَيْءٍ مِنْ عِلْمِهٖٓ اِلَّا بِمَا شَٓاءَۚ وَسِعَ كُرْسِيُّهُ السَّمٰوَاتِ وَالْاَرْضَۚ وَلَا يَؤُ۫دُهُ حِفْظُهُمَاۚ وَهُوَ الْعَلِيُّ الْعَظٖيمُ
                                                    ﴿٢٥٥﴾"
https://kuran.diyanet.gov.tr/tefsir/Bakara-suresi/263/256-ayet-tefsiri,"لَٓا اِكْرَاهَ فِي الدّٖينِ قَدْ تَبَيَّنَ الرُّشْدُ مِنَ الْغَيِّۚ فَمَنْ يَكْفُرْ بِالطَّاغُوتِ وَيُؤْمِنْ بِاللّٰهِ فَقَدِ اسْتَمْسَكَ بِالْعُرْوَةِ الْوُثْقٰىࣗ لَا انْفِصَامَ لَهَاؕ وَاللّٰهُ سَمٖيعٌ عَلٖيمٌ
                                                    ﴿٢٥٦﴾"
https://kuran.diyanet.gov.tr/tefsir/Bakara-suresi/264/257-ayet-tefsiri,"اَللّٰهُ وَلِيُّ الَّذٖينَ اٰمَنُواۙ يُخْرِجُهُمْ مِنَ الظُّلُمَاتِ اِلَى النُّورِؕ وَالَّذٖينَ كَفَرُٓوا اَوْلِيَٓاؤُ۬هُمُ الطَّاغُوتُۙ يُخْرِجُونَهُمْ مِنَ النُّورِ اِلَى الظُّلُمَاتِؕ اُو۬لٰٓئِكَ اَصْحَابُ النَّارِۚ هُمْ فٖيهَا خَالِدُونَࣖ
                                                    ﴿٢٥٧﴾"
https://kuran.diyanet.gov.tr/tefsir/Bakara-suresi/265/258-ayet-tefsiri,"اَلَمْ تَرَ اِلَى الَّذٖي حَٓاجَّ اِبْرٰهٖيمَ فٖي رَبِّهٖٓ اَنْ اٰتٰيهُ اللّٰهُ الْمُلْكَۘ اِذْ قَالَ اِبْرٰهٖيمُ رَبِّيَ الَّذٖي يُحْـيٖ وَيُمٖيتُۙ قَالَ اَنَا۬ اُحْـيٖ وَاُمٖيتُؕ قَالَ اِبْرٰهٖيمُ فَاِنَّ اللّٰهَ يَأْتٖي بِالشَّمْسِ مِنَ الْمَشْرِقِ فَأْتِ بِهَا مِنَ الْمَغْرِبِ فَبُهِتَ الَّذٖي كَفَرَؕ وَاللّٰهُ لَا يَهْدِي الْقَوْمَ الظَّالِمٖينَۚ
                                                    ﴿٢٥٨﴾"
https://kuran.diyanet.gov.tr/tefsir/Bakara-suresi/266/259-ayet-tefsiri,"اَوْ كَالَّذٖي مَرَّ عَلٰى قَرْيَةٍ وَهِيَ خَاوِيَةٌ عَلٰى عُرُوشِهَاۚ قَالَ اَنّٰى يُحْـيٖ هٰذِهِ اللّٰهُ بَعْدَ مَوْتِهَاۚ فَاَمَاتَهُ اللّٰهُ مِائَةَ عَامٍ ثُمَّ بَعَثَهُؕ قَالَ كَمْ لَبِثْتَؕ قَالَ لَبِثْتُ يَوْماً اَوْ بَعْضَ يَوْمٍؕ قَالَ بَلْ لَبِثْتَ مِائَةَ عَامٍ فَانْظُرْ اِلٰى طَعَامِكَ وَشَرَابِكَ لَمْ يَتَسَنَّهْۚ وَانْظُرْ اِلٰى حِمَارِكَ وَلِنَجْعَلَكَ اٰيَةً لِلنَّاسِ وَانْظُرْ اِلَى الْعِظَامِ كَيْفَ نُنْشِزُهَا ثُمَّ نَكْسُوهَا لَحْماًؕ فَلَمَّا تَبَيَّنَ لَهُۙ قَالَ اَعْلَمُ اَنَّ اللّٰهَ عَلٰى كُلِّ شَيْءٍ قَدٖيرٌ
                                                    ﴿٢٥٩﴾"
https://kuran.diyanet.gov.tr/tefsir/Bakara-suresi/267/260-ayet-tefsiri,"وَاِذْ قَالَ اِبْرٰهٖيمُ رَبِّ اَرِنٖي كَيْفَ تُحْـيِ الْمَوْتٰىؕ قَالَ اَوَلَمْ تُؤْمِنْؕ قَالَ بَلٰى وَلٰكِنْ لِيَطْمَئِنَّ قَلْبٖيؕ قَالَ فَخُذْ اَرْبَعَةً مِنَ الطَّيْرِ فَصُرْهُنَّ اِلَيْكَ ثُمَّ اجْعَلْ عَلٰى كُلِّ جَبَلٍ مِنْهُنَّ جُزْءاً ثُمَّ ادْعُهُنَّ يَأْتٖينَكَ سَعْياًؕ وَاعْلَمْ اَنَّ اللّٰهَ عَزٖيزٌ حَكٖيمٌࣖ
                                                    ﴿٢٦٠﴾"
https://kuran.diyanet.gov.tr/tefsir/Bakara-suresi/268/261-ayet-tefsiri,"مَثَلُ الَّذٖينَ يُنْفِقُونَ اَمْوَالَهُمْ فٖي سَبٖيلِ اللّٰهِ كَمَثَلِ حَبَّةٍ اَنْبَتَتْ سَبْعَ سَنَابِلَ فٖي كُلِّ سُنْبُلَةٍ مِائَةُ حَبَّةٍؕ وَاللّٰهُ يُضَاعِفُ لِمَنْ يَشَٓاءُؕ وَاللّٰهُ وَاسِعٌ عَلٖيمٌ
                                                    ﴿٢٦١﴾"
https://kuran.diyanet.gov.tr/tefsir/Bakara-suresi/269/262-264-ayet-tefsiri,"اَلَّذٖينَ يُنْفِقُونَ اَمْوَالَهُمْ فٖي سَبٖيلِ اللّٰهِ ثُمَّ لَا يُتْبِعُونَ مَٓا اَنْفَقُوا مَناًّ وَلَٓا اَذًۙى لَهُمْ اَجْرُهُمْ عِنْدَ رَبِّهِمْۚ وَلَا خَوْفٌ عَلَيْهِمْ وَلَا هُمْ يَحْزَنُونَ
                                                    ﴿٢٦٢﴾"
https://kuran.diyanet.gov.tr/tefsir/Bakara-suresi/269/262-264-ayet-tefsiri,"قَوْلٌ مَعْرُوفٌ وَمَغْفِرَةٌ خَيْرٌ مِنْ صَدَقَةٍ يَتْبَعُهَٓا اَذًىؕ وَاللّٰهُ غَنِيٌّ حَلٖيمٌ
                                                    ﴿٢٦٣﴾"
https://kuran.diyanet.gov.tr/tefsir/Bakara-suresi/269/262-264-ayet-tefsiri,"يَٓا اَيُّهَا الَّذٖينَ اٰمَنُوا لَا تُبْطِلُوا صَدَقَاتِكُمْ بِالْمَنِّ وَالْاَذٰىۙ كَالَّذٖي يُنْفِقُ مَالَهُ رِئَٓاءَ النَّاسِ وَلَا يُؤْمِنُ بِاللّٰهِ وَالْيَوْمِ الْاٰخِرِؕ فَمَثَلُهُ كَمَثَلِ صَفْوَانٍ عَلَيْهِ تُرَابٌ فَاَصَابَهُ وَابِلٌ فَتَرَكَهُ صَلْداًؕ لَا يَقْدِرُونَ عَلٰى شَيْءٍ مِمَّا كَسَبُواؕ وَاللّٰهُ لَا يَهْدِي الْقَوْمَ الْكَافِرٖينَ
                                                    ﴿٢٦٤﴾"
https://kuran.diyanet.gov.tr/tefsir/Bakara-suresi/272/265-266-ayet-tefsiri,"وَمَثَلُ الَّذٖينَ يُنْفِقُونَ اَمْوَالَهُمُ ابْتِغَٓاءَ مَرْضَاتِ اللّٰهِ وَتَثْبٖيتاً مِنْ اَنْفُسِهِمْ كَمَثَلِ جَنَّةٍ بِرَبْوَةٍ اَصَابَهَا وَابِلٌ فَاٰتَتْ اُكُلَهَا ضِعْفَيْنِۚ فَاِنْ لَمْ يُصِبْهَا وَابِلٌ فَطَلٌّؕ وَاللّٰهُ بِمَا تَعْمَلُونَ بَصٖيرٌ
                                                    ﴿٢٦٥﴾"
https://kuran.diyanet.gov.tr/tefsir/Bakara-suresi/272/265-266-ayet-tefsiri,"اَيَوَدُّ اَحَدُكُمْ اَنْ تَكُونَ لَهُ جَنَّةٌ مِنْ نَخٖيلٍ وَاَعْنَابٍ تَجْرٖي مِنْ تَحْتِهَا الْاَنْهَارُۙ لَهُ فٖيهَا مِنْ كُلِّ الثَّمَرَاتِۙ وَاَصَابَهُ الْكِبَرُ وَلَهُ ذُرِّيَّةٌ ضُعَفَٓاءُࣕ فَاَصَابَهَٓا اِعْصَارٌ فٖيهِ نَارٌ فَاحْتَرَقَتْؕ كَذٰلِكَ يُبَيِّنُ اللّٰهُ لَكُمُ الْاٰيَاتِ لَعَلَّكُمْ تَتَفَكَّرُونَࣖ
                                                    ﴿٢٦٦﴾"
https://kuran.diyanet.gov.tr/tefsir/Bakara-suresi/274/267-ayet-tefsiri,"يَٓا اَيُّهَا الَّذٖينَ اٰمَنُٓوا اَنْفِقُوا مِنْ طَيِّبَاتِ مَا كَسَبْتُمْ وَمِمَّٓا اَخْرَجْنَا لَكُمْ مِنَ الْاَرْضِࣕ وَلَا تَيَمَّمُوا الْخَبٖيثَ مِنْهُ تُنْفِقُونَ وَلَسْتُمْ بِاٰخِذٖيهِ اِلَّٓا اَنْ تُغْمِضُوا فٖيهِؕ وَاعْلَمُٓوا اَنَّ اللّٰهَ غَنِيٌّ حَمٖيدٌ
                                                    ﴿٢٦٧﴾"
https://kuran.diyanet.gov.tr/tefsir/Bakara-suresi/275/268-ayet-tefsiri,"اَلشَّيْطَانُ يَعِدُكُمُ الْفَقْرَ وَيَأْمُرُكُمْ بِالْفَحْشَٓاءِۚ وَاللّٰهُ يَعِدُكُمْ مَغْفِرَةً مِنْهُ وَفَضْلاًؕ وَاللّٰهُ وَاسِعٌ عَلٖيمٌۚ
                                                    ﴿٢٦٨﴾"
https://kuran.diyanet.gov.tr/tefsir/Bakara-suresi/276/269-ayet-tefsiri,"يُؤْتِي الْحِكْمَةَ مَنْ يَشَٓاءُۚ وَمَنْ يُؤْتَ الْحِكْمَةَ فَقَدْ اُو۫تِيَ خَيْراً كَثٖيراًؕ وَمَا يَذَّكَّرُ اِلَّٓا اُو۬لُوا الْاَلْبَابِ
                                                    ﴿٢٦٩﴾"
https://kuran.diyanet.gov.tr/tefsir/Bakara-suresi/277/270-ayet-tefsiri,"وَمَٓا اَنْفَقْتُمْ مِنْ نَفَقَةٍ اَوْ نَذَرْتُمْ مِنْ نَذْرٍ فَاِنَّ اللّٰهَ يَعْلَمُهُؕ وَمَا لِلظَّالِمٖينَ مِنْ اَنْصَارٍ
                                                    ﴿٢٧٠﴾"
https://kuran.diyanet.gov.tr/tefsir/Bakara-suresi/278/271-ayet-tefsiri,"اِنْ تُبْدُوا الصَّدَقَاتِ فَنِعِمَّا هِيَۚ وَاِنْ تُخْفُوهَا وَتُؤْتُوهَا الْفُقَـرَٓاءَ فَهُوَ خَيْرٌ لَكُمْؕ وَيُكَفِّرُ عَنْكُمْ مِنْ سَيِّـَٔاتِكُمْؕ وَاللّٰهُ بِمَا تَعْمَلُونَ خَبٖيرٌ
                                                    ﴿٢٧١﴾"
https://kuran.diyanet.gov.tr/tefsir/Bakara-suresi/279/272-ayet-tefsiri,"لَيْسَ عَلَيْكَ هُدٰيهُمْ وَلٰكِنَّ اللّٰهَ يَهْدٖي مَنْ يَشَٓاءُؕ وَمَا تُنْفِقُوا مِنْ خَيْرٍ فَلِاَنْفُسِكُمْؕ وَمَا تُنْفِقُونَ اِلَّا ابْتِغَٓاءَ وَجْهِ اللّٰهِؕ وَمَا تُنْفِقُوا مِنْ خَيْرٍ يُوَفَّ اِلَيْكُمْ وَاَنْتُمْ لَا تُظْلَمُونَ
                                                    ﴿٢٧٢﴾"
https://kuran.diyanet.gov.tr/tefsir/Bakara-suresi/280/273-ayet-tefsiri,"لِلْفُقَـرَٓاءِ الَّذٖينَ اُحْصِرُوا فٖي سَبٖيلِ اللّٰهِ لَا يَسْتَطٖيعُونَ ضَـرْباً فِي الْاَرْضِؗ يَحْسَبُهُمُ الْجَاهِلُ اَغْنِيَٓاءَ مِنَ التَّعَفُّفِۚ تَعْرِفُهُمْ بِسٖيمٰيهُمْۚ لَا يَسْـَٔلُونَ النَّاسَ اِلْحَافاًؕ وَمَا تُنْفِقُوا مِنْ خَيْرٍ فَاِنَّ اللّٰهَ بِهٖ عَلٖيمٌࣖ
                                                    ﴿٢٧٣﴾"
https://kuran.diyanet.gov.tr/tefsir/Bakara-suresi/281/274-ayet-tefsiri,"اَلَّذٖينَ يُنْفِقُونَ اَمْوَالَهُمْ بِالَّيْلِ وَالنَّهَارِ سِراًّ وَعَلَانِيَةً فَلَهُمْ اَجْرُهُمْ عِنْدَ رَبِّهِمْۚ وَلَا خَوْفٌ عَلَيْهِمْ وَلَا هُمْ يَحْزَنُونَ
                                                    ﴿٢٧٤﴾"
https://kuran.diyanet.gov.tr/tefsir/Bakara-suresi/282/275-ayet-tefsiri,"اَلَّذٖينَ يَأْكُلُونَ الرِّبٰوا لَا يَقُومُونَ اِلَّا كَمَا يَقُومُ الَّذٖي يَتَخَبَّطُهُ الشَّيْطَانُ مِنَ الْمَسِّؕ ذٰلِكَ بِاَنَّهُمْ قَالُٓوا اِنَّمَا الْبَيْعُ مِثْلُ الرِّبٰواۘ وَاَحَلَّ اللّٰهُ الْبَيْعَ وَحَرَّمَ الرِّبٰواؕ فَمَنْ جَٓاءَهُ مَوْعِظَةٌ مِنْ رَبِّهٖ فَانْتَهٰى فَلَهُ مَا سَلَفَؕ وَاَمْرُهُٓ اِلَى اللّٰهِؕ وَمَنْ عَادَ فَاُو۬لٰٓئِكَ اَصْحَابُ النَّارِۚ هُمْ فٖيهَا خَالِدُونَ
                                                    ﴿٢٧٥﴾"
https://kuran.diyanet.gov.tr/tefsir/Bakara-suresi/283/276-ayet-tefsiri,"يَمْحَقُ اللّٰهُ الرِّبٰوا وَيُرْبِي الصَّدَقَاتِؕ وَاللّٰهُ لَا يُحِبُّ كُلَّ كَفَّارٍ اَثٖيمٍ
                                                    ﴿٢٧٦﴾"
https://kuran.diyanet.gov.tr/tefsir/Bakara-suresi/284/277-ayet-tefsiri,"اِنَّ الَّذٖينَ اٰمَنُوا وَعَمِلُوا الصَّالِحَاتِ وَاَقَامُوا الصَّلٰوةَ وَاٰتَوُا الزَّكٰوةَ لَهُمْ اَجْرُهُمْ عِنْدَ رَبِّهِمْۚ وَلَا خَوْفٌ عَلَيْهِمْ وَلَا هُمْ يَحْزَنُونَ
                                                    ﴿٢٧٧﴾"
https://kuran.diyanet.gov.tr/tefsir/Bakara-suresi/285/278-279-ayet-tefsiri,"يَٓا اَيُّهَا الَّذٖينَ اٰمَنُوا اتَّقُوا اللّٰهَ وَذَرُوا مَا بَقِيَ مِنَ الرِّبٰٓوا اِنْ كُنْتُمْ مُؤْمِنٖينَ
                                                    ﴿٢٧٨﴾"
https://kuran.diyanet.gov.tr/tefsir/Bakara-suresi/285/278-279-ayet-tefsiri,"فَاِنْ لَمْ تَفْعَلُوا فَأْذَنُوا بِحَرْبٍ مِنَ اللّٰهِ وَرَسُولِهٖۚ وَاِنْ تُبْتُمْ فَلَكُمْ رُؤُ۫سُ اَمْوَالِكُمْۚ لَا تَظْلِمُونَ وَلَا تُظْلَمُونَ
                                                    ﴿٢٧٩﴾"
https://kuran.diyanet.gov.tr/tefsir/Bakara-suresi/287/280-ayet-tefsiri,"وَاِنْ كَانَ ذُو عُسْرَةٍ فَنَظِرَةٌ اِلٰى مَيْسَرَةٍؕ وَاَنْ تَصَدَّقُوا خَيْرٌ لَكُمْ اِنْ كُنْتُمْ تَعْلَمُونَ
                                                    ﴿٢٨٠﴾"
https://kuran.diyanet.gov.tr/tefsir/Bakara-suresi/288/281-ayet-tefsiri,"وَاتَّقُوا يَوْماً تُرْجَعُونَ فٖيهِ اِلَى اللّٰهِ ثُمَّ تُوَفّٰى كُلُّ نَفْسٍ مَا كَسَبَتْ وَهُمْ لَا يُظْلَمُونَࣖ
                                                    ﴿٢٨١﴾"
https://kuran.diyanet.gov.tr/tefsir/Bakara-suresi/289/282-ayet-tefsiri,"يَٓا اَيُّهَا الَّذٖينَ اٰمَنُٓوا اِذَا تَدَايَنْتُمْ بِدَيْنٍ اِلٰٓى اَجَلٍ مُسَمًّى فَاكْتُبُوهُؕ وَلْيَكْتُبْ بَيْنَكُمْ كَاتِبٌ بِالْعَدْلِࣕ وَلَا يَأْبَ كَاتِبٌ اَنْ يَكْتُبَ كَمَا عَلَّمَهُ اللّٰهُ فَلْيَكْتُبْۚ وَلْيُمْلِلِ الَّذٖي عَلَيْهِ الْحَقُّ وَلْيَتَّقِ اللّٰهَ رَبَّهُ وَلَا يَبْخَسْ مِنْهُ شَيْـٔاًؕ فَاِنْ كَانَ الَّذٖي عَلَيْهِ الْحَقُّ سَفٖيهاً اَوْ ضَعٖيفاً اَوْ لَا يَسْتَطٖيعُ اَنْ يُمِلَّ هُوَ فَلْيُمْلِلْ وَلِيُّهُ بِالْعَدْلِؕ وَاسْتَشْهِدُوا شَهٖيدَيْنِ مِنْ رِجَالِكُمْۚ فَاِنْ لَمْ يَكُونَا رَجُلَيْنِ فَرَجُلٌ وَامْرَاَتَانِ مِمَّنْ تَرْضَوْنَ مِنَ الشُّهَدَٓاءِ اَنْ تَضِلَّ اِحْدٰيهُمَا فَتُذَكِّرَ اِحْدٰيهُمَا الْاُخْرٰىؕ وَلَا يَأْبَ الشُّهَدَٓاءُ اِذَا مَا دُعُواؕ وَلَا تَسْـَٔمُٓوا اَنْ تَكْتُبُوهُ صَغٖيراً اَوْ كَبٖيراً اِلٰٓى اَجَلِهٖؕ ذٰلِكُمْ اَقْسَطُ عِنْدَ اللّٰهِ وَاَقْوَمُ لِلشَّهَادَةِ وَاَدْنٰٓى اَلَّا تَرْتَابُٓوا اِلَّٓا اَنْ تَكُونَ تِجَارَةً حَاضِرَةً تُدٖيرُونَهَا بَيْنَكُمْ فَلَيْسَ عَلَيْكُمْ جُنَاحٌ اَلَّا تَكْتُبُوهَاؕ وَاَشْهِدُٓوا اِذَا تَبَايَعْتُمْࣕ وَلَا يُضَٓارَّ كَاتِبٌ وَلَا شَهٖيدٌؕ وَاِنْ تَفْعَلُوا فَاِنَّهُ فُسُوقٌ بِكُمْؕ وَاتَّقُوا اللّٰهَؕ وَيُعَلِّمُكُمُ اللّٰهُؕ وَاللّٰهُ بِكُلِّ شَيْءٍ عَلٖيمٌ
                                                    ﴿٢٨٢﴾"
https://kuran.diyanet.gov.tr/tefsir/Bakara-suresi/290/283-ayet-tefsiri,"وَاِنْ كُنْتُمْ عَلٰى سَفَرٍ وَلَمْ تَجِدُوا كَاتِباً فَرِهَانٌ مَقْبُوضَةٌؕ فَاِنْ اَمِنَ بَعْضُكُمْ بَعْضاً فَلْيُؤَدِّ الَّذِي اؤْتُمِنَ اَمَانَتَهُ وَلْيَتَّقِ اللّٰهَ رَبَّهُؕ وَلَا تَكْتُمُوا الشَّهَادَةَؕ وَمَنْ يَكْتُمْهَا فَاِنَّهُٓ اٰثِمٌ قَلْبُهُؕ وَاللّٰهُ بِمَا تَعْمَلُونَ عَلٖيمٌࣖ
                                                    ﴿٢٨٣﴾"
https://kuran.diyanet.gov.tr/tefsir/Bakara-suresi/291/284-ayet-tefsiri,"لِلّٰهِ مَا فِي السَّمٰوَاتِ وَمَا فِي الْاَرْضِؕ وَاِنْ تُبْدُوا مَا فٖٓي اَنْفُسِكُمْ اَوْ تُخْفُوهُ يُحَاسِبْكُمْ بِهِ اللّٰهُؕ فَيَغْفِرُ لِمَنْ يَشَٓاءُ وَيُعَذِّبُ مَنْ يَشَٓاءُؕ وَاللّٰهُ عَلٰى كُلِّ شَيْءٍ قَدٖيرٌ
                                                    ﴿٢٨٤﴾"
https://kuran.diyanet.gov.tr/tefsir/Bakara-suresi/292/285-286-ayet-tefsiri,"اٰمَنَ الرَّسُولُ بِمَٓا اُنْزِلَ اِلَيْهِ مِنْ رَبِّهٖ وَالْمُؤْمِنُونَؕ كُلٌّ اٰمَنَ بِاللّٰهِ وَمَلٰٓئِكَتِهٖ وَكُتُبِهٖ وَرُسُلِهٖؕ لَا نُفَرِّقُ بَيْنَ اَحَدٍ مِنْ رُسُلِهٖࣞ  وَقَالُوا سَمِعْنَا وَاَطَعْنَا غُفْرَانَكَ رَبَّنَا وَاِلَيْكَ الْمَصٖيرُ
                                                    ﴿٢٨٥﴾"
https://kuran.diyanet.gov.tr/tefsir/Bakara-suresi/292/285-286-ayet-tefsiri,"لَا يُكَلِّفُ اللّٰهُ نَفْساً اِلَّا وُسْعَهَاؕ لَهَا مَا كَسَبَتْ وَعَلَيْهَا مَا اكْتَسَبَتْؕ رَبَّنَا لَا تُؤَاخِذْنَٓا اِنْ نَسٖينَٓا اَوْ اَخْطَأْنَاۚ رَبَّنَا وَلَا تَحْمِلْ عَلَيْنَٓا اِصْراً كَمَا حَمَلْتَهُ عَلَى الَّذٖينَ مِنْ قَبْلِنَاۚ رَبَّنَا وَلَا تُحَمِّلْنَا مَا لَا طَاقَةَ لَنَا بِهٖۚ وَاعْفُ عَنَّاࣞ وَاغْفِرْ لَنَاࣞ وَارْحَمْنَاࣞ اَنْتَ مَوْلٰينَا فَانْصُرْنَا عَلَى الْقَوْمِ الْكَافِرٖينَ
                                                    ﴿٢٨٦﴾"
